adm2_tr,adm2_en,adm1_tr,adm1_en,adm1_code,adm0_tr,adm0_en,pcode
ALADAĞ,ALADAG,ADANA,ADANA,TUR001,TÜRKİYE,TURKEY,TUR001001
CEYHAN,CEYHAN,ADANA,ADANA,TUR001,TÜRKİYE,TURKEY,TUR001002
ÇUKUROVA,CUKUROVA,ADANA,ADANA,TUR001,TÜRKİYE,TURKEY,TUR001003
FEKE,FEKE,ADANA,ADANA,TUR001,TÜRKİYE,TURKEY,TUR001004
İMAMOĞLU,IMAMOGLU,ADANA,ADANA,TUR001,TÜRKİYE,TURKEY,TUR001005
KARAİSALI,KARAISALI,ADANA,ADANA,TUR001,TÜRKİYE,TURKEY,TUR001006
KARATAŞ,KARATAS,ADANA,ADANA,TUR001,TÜRKİYE,TURKEY,TUR001007
KOZAN,KOZAN,ADANA,ADANA,TUR001,TÜRKİYE,TURKEY,TUR001008
POZANTI,POZANTI,ADANA,ADANA,TUR001,TÜRKİYE,TURKEY,TUR001009
SAİMBEYLİ,SAIMBEYLI,ADANA,ADANA,TUR001,TÜRKİYE,TURKEY,TUR001010
SARIÇAM,SARICAM,ADANA,ADANA,TUR001,TÜRKİYE,TURKEY,TUR001011
SEYHAN,SEYHAN,ADANA,ADANA,TUR001,TÜRKİYE,TURKEY,TUR001012
TUFANBEYLİ,TUFANBEYLI,ADANA,ADANA,TUR001,TÜRKİYE,TURKEY,TUR001013
YUMURTALIK,YUMURTALIK,ADANA,ADANA,TUR001,TÜRKİYE,TURKEY,TUR001014
YÜREĞİR,YUREGIR,ADANA,ADANA,TUR001,TÜRKİYE,TURKEY,TUR001015
ADIYAMAN,ADIYAMAN,ADIYAMAN,ADIYAMAN,TUR002,TÜRKİYE,TURKEY,TUR002001
BESNİ,BESNI,ADIYAMAN,ADIYAMAN,TUR002,TÜRKİYE,TURKEY,TUR002002
ÇELİKHAN,CELIKHAN,ADIYAMAN,ADIYAMAN,TUR002,TÜRKİYE,TURKEY,TUR002003
GERGER,GERGER,ADIYAMAN,ADIYAMAN,TUR002,TÜRKİYE,TURKEY,TUR002004
GÖLBAŞI,GOLBASI,ADIYAMAN,ADIYAMAN,TUR002,TÜRKİYE,TURKEY,TUR002005
KAHTA,KAHTA,ADIYAMAN,ADIYAMAN,TUR002,TÜRKİYE,TURKEY,TUR002006
SAMSAT,SAMSAT,ADIYAMAN,ADIYAMAN,TUR002,TÜRKİYE,TURKEY,TUR002007
SİNCİK,SINCIK,ADIYAMAN,ADIYAMAN,TUR002,TÜRKİYE,TURKEY,TUR002008
TUT,TUT,ADIYAMAN,ADIYAMAN,TUR002,TÜRKİYE,TURKEY,TUR002009
AFYONKARAHİSAR,AFYONKARAHISAR,AFYONKARAHİSAR,AFYONKARAHISAR,TUR003,TÜRKİYE,TURKEY,TUR003001
BAŞMAKÇI,BASMAKCI,AFYONKARAHİSAR,AFYONKARAHISAR,TUR003,TÜRKİYE,TURKEY,TUR003002
BAYAT,BAYAT,AFYONKARAHİSAR,AFYONKARAHISAR,TUR003,TÜRKİYE,TURKEY,TUR003003
BOLVADİN,BOLVADIN,AFYONKARAHİSAR,AFYONKARAHISAR,TUR003,TÜRKİYE,TURKEY,TUR003004
ÇAY,CAY,AFYONKARAHİSAR,AFYONKARAHISAR,TUR003,TÜRKİYE,TURKEY,TUR003005
ÇOBANLAR,COBANLAR,AFYONKARAHİSAR,AFYONKARAHISAR,TUR003,TÜRKİYE,TURKEY,TUR003006
DAZKIRI,DAZKIRI,AFYONKARAHİSAR,AFYONKARAHISAR,TUR003,TÜRKİYE,TURKEY,TUR003007
DİNAR,DINAR,AFYONKARAHİSAR,AFYONKARAHISAR,TUR003,TÜRKİYE,TURKEY,TUR003008
EMİRDAĞ,EMIRDAG,AFYONKARAHİSAR,AFYONKARAHISAR,TUR003,TÜRKİYE,TURKEY,TUR003009
EVCİLER,EVCILER,AFYONKARAHİSAR,AFYONKARAHISAR,TUR003,TÜRKİYE,TURKEY,TUR003010
HOCALAR,HOCALAR,AFYONKARAHİSAR,AFYONKARAHISAR,TUR003,TÜRKİYE,TURKEY,TUR003011
İHSANİYE,IHSANIYE,AFYONKARAHİSAR,AFYONKARAHISAR,TUR003,TÜRKİYE,TURKEY,TUR003012
İSCEHİSAR,ISCEHISAR,AFYONKARAHİSAR,AFYONKARAHISAR,TUR003,TÜRKİYE,TURKEY,TUR003013
KIZILÖREN,KIZILOREN,AFYONKARAHİSAR,AFYONKARAHISAR,TUR003,TÜRKİYE,TURKEY,TUR003014
SANDIKLI,SANDIKLI,AFYONKARAHİSAR,AFYONKARAHISAR,TUR003,TÜRKİYE,TURKEY,TUR003015
SİNANPAŞA,SINANPASA,AFYONKARAHİSAR,AFYONKARAHISAR,TUR003,TÜRKİYE,TURKEY,TUR003016
ŞUHUT,SUHUT,AFYONKARAHİSAR,AFYONKARAHISAR,TUR003,TÜRKİYE,TURKEY,TUR003018
SULTANDAĞI,SULTANDAGI,AFYONKARAHİSAR,AFYONKARAHISAR,TUR003,TÜRKİYE,TURKEY,TUR003017
AĞRI,AGRI,AĞRI,AGRI,TUR004,TÜRKİYE,TURKEY,TUR004001
DİYADİN,DIYADIN,AĞRI,AGRI,TUR004,TÜRKİYE,TURKEY,TUR004002
DOĞUBAYAZIT,DOGUBAYAZIT,AĞRI,AGRI,TUR004,TÜRKİYE,TURKEY,TUR004003
ELEŞKİRT,ELESKIRT,AĞRI,AGRI,TUR004,TÜRKİYE,TURKEY,TUR004004
HAMUR,HAMUR,AĞRI,AGRI,TUR004,TÜRKİYE,TURKEY,TUR004005
PATNOS,PATNOS,AĞRI,AGRI,TUR004,TÜRKİYE,TURKEY,TUR004006
TAŞLIÇAY,TASLICAY,AĞRI,AGRI,TUR004,TÜRKİYE,TURKEY,TUR004007
TUTAK,TUTAK,AĞRI,AGRI,TUR004,TÜRKİYE,TURKEY,TUR004008
AĞAÇÖREN,AGACOREN,AKSARAY,AKSARAY,TUR068,TÜRKİYE,TURKEY,TUR068001
AKSARAY,AKSARAY,AKSARAY,AKSARAY,TUR068,TÜRKİYE,TURKEY,TUR068002
ESKİL,ESKIL,AKSARAY,AKSARAY,TUR068,TÜRKİYE,TURKEY,TUR068003
GÜLAĞAÇ,GULAGAC,AKSARAY,AKSARAY,TUR068,TÜRKİYE,TURKEY,TUR068004
GÜZELYURT,GUZELYURT,AKSARAY,AKSARAY,TUR068,TÜRKİYE,TURKEY,TUR068005
ORTAKÖY,ORTAKOY,AKSARAY,AKSARAY,TUR068,TÜRKİYE,TURKEY,TUR068006
SARIYAHŞİ,SARIYAHSI,AKSARAY,AKSARAY,TUR068,TÜRKİYE,TURKEY,TUR068007
SULTANHANI,SULTANHANI,AKSARAY,AKSARAY,TUR068,TÜRKİYE,TURKEY,TUR068008
AMASYA,AMASYA,AMASYA,AMASYA,TUR005,TÜRKİYE,TURKEY,TUR005001
GÖYNÜCEK,GOYNUCEK,AMASYA,AMASYA,TUR005,TÜRKİYE,TURKEY,TUR005002
GÜMÜŞHACIKÖY,GUMUSHACIKOY,AMASYA,AMASYA,TUR005,TÜRKİYE,TURKEY,TUR005003
HAMAMÖZÜ,HAMAMOZU,AMASYA,AMASYA,TUR005,TÜRKİYE,TURKEY,TUR005004
MERZİFON,MERZIFON,AMASYA,AMASYA,TUR005,TÜRKİYE,TURKEY,TUR005005
SULUOVA,SULUOVA,AMASYA,AMASYA,TUR005,TÜRKİYE,TURKEY,TUR005006
TAŞOVA,TASOVA,AMASYA,AMASYA,TUR005,TÜRKİYE,TURKEY,TUR005007
AKYURT,AKYURT,ANKARA,ANKARA,TUR006,TÜRKİYE,TURKEY,TUR006001
ALTINDAĞ,ALTINDAG,ANKARA,ANKARA,TUR006,TÜRKİYE,TURKEY,TUR006002
AYAŞ,AYAS,ANKARA,ANKARA,TUR006,TÜRKİYE,TURKEY,TUR006003
BALA,BALA,ANKARA,ANKARA,TUR006,TÜRKİYE,TURKEY,TUR006004
BEYPAZARI,BEYPAZARI,ANKARA,ANKARA,TUR006,TÜRKİYE,TURKEY,TUR006005
ÇAMLIDERE,CAMLIDERE,ANKARA,ANKARA,TUR006,TÜRKİYE,TURKEY,TUR006006
ÇANKAYA,CANKAYA,ANKARA,ANKARA,TUR006,TÜRKİYE,TURKEY,TUR006007
ÇUBUK,CUBUK,ANKARA,ANKARA,TUR006,TÜRKİYE,TURKEY,TUR006008
ELMADAĞ,ELMADAG,ANKARA,ANKARA,TUR006,TÜRKİYE,TURKEY,TUR006009
ETİMESGUT,ETIMESGUT,ANKARA,ANKARA,TUR006,TÜRKİYE,TURKEY,TUR006010
EVREN,EVREN,ANKARA,ANKARA,TUR006,TÜRKİYE,TURKEY,TUR006011
GÖLBAŞI,GOLBASI,ANKARA,ANKARA,TUR006,TÜRKİYE,TURKEY,TUR006012
GÜDÜL,GUDUL,ANKARA,ANKARA,TUR006,TÜRKİYE,TURKEY,TUR006013
HAYMANA,HAYMANA,ANKARA,ANKARA,TUR006,TÜRKİYE,TURKEY,TUR006014
KAHRAMANKAZAN,KAHRAMANKAZAN,ANKARA,ANKARA,TUR006,TÜRKİYE,TURKEY,TUR006015
KALECİK,KALECIK,ANKARA,ANKARA,TUR006,TÜRKİYE,TURKEY,TUR006016
KEÇİÖREN,KECIOREN,ANKARA,ANKARA,TUR006,TÜRKİYE,TURKEY,TUR006017
KIZILCAHAMAM,KIZILCAHAMAM,ANKARA,ANKARA,TUR006,TÜRKİYE,TURKEY,TUR006018
MAMAK,MAMAK,ANKARA,ANKARA,TUR006,TÜRKİYE,TURKEY,TUR006019
NALLIHAN,NALLIHAN,ANKARA,ANKARA,TUR006,TÜRKİYE,TURKEY,TUR006020
POLATLI,POLATLI,ANKARA,ANKARA,TUR006,TÜRKİYE,TURKEY,TUR006021
PURSAKLAR,PURSAKLAR,ANKARA,ANKARA,TUR006,TÜRKİYE,TURKEY,TUR006022
ŞEREFLİKOÇHİSAR,SEREFLIKOCHISAR,ANKARA,ANKARA,TUR006,TÜRKİYE,TURKEY,TUR006024
SİNCAN,SINCAN,ANKARA,ANKARA,TUR006,TÜRKİYE,TURKEY,TUR006023
YENİMAHALLE,YENIMAHALLE,ANKARA,ANKARA,TUR006,TÜRKİYE,TURKEY,TUR006025
AKSEKİ,AKSEKI,ANTALYA,ANTALYA,TUR007,TÜRKİYE,TURKEY,TUR007001
AKSU,AKSU,ANTALYA,ANTALYA,TUR007,TÜRKİYE,TURKEY,TUR007002
ALANYA,ALANYA,ANTALYA,ANTALYA,TUR007,TÜRKİYE,TURKEY,TUR007003
DEMRE,DEMRE,ANTALYA,ANTALYA,TUR007,TÜRKİYE,TURKEY,TUR007004
DÖŞEMEALTI,DOSEMEALTI,ANTALYA,ANTALYA,TUR007,TÜRKİYE,TURKEY,TUR007005
ELMALI,ELMALI,ANTALYA,ANTALYA,TUR007,TÜRKİYE,TURKEY,TUR007006
FİNİKE,FINIKE,ANTALYA,ANTALYA,TUR007,TÜRKİYE,TURKEY,TUR007007
GAZİPAŞA,GAZIPASA,ANTALYA,ANTALYA,TUR007,TÜRKİYE,TURKEY,TUR007008
GÜNDOĞMUŞ,GUNDOGMUS,ANTALYA,ANTALYA,TUR007,TÜRKİYE,TURKEY,TUR007009
İBRADI,IBRADI,ANTALYA,ANTALYA,TUR007,TÜRKİYE,TURKEY,TUR007010
KAŞ,KAS,ANTALYA,ANTALYA,TUR007,TÜRKİYE,TURKEY,TUR007011
KEMER,KEMER,ANTALYA,ANTALYA,TUR007,TÜRKİYE,TURKEY,TUR007012
KEPEZ,KEPEZ,ANTALYA,ANTALYA,TUR007,TÜRKİYE,TURKEY,TUR007013
KONYAALTI,KONYAALTI,ANTALYA,ANTALYA,TUR007,TÜRKİYE,TURKEY,TUR007014
KORKUTELİ,KORKUTELI,ANTALYA,ANTALYA,TUR007,TÜRKİYE,TURKEY,TUR007015
KUMLUCA,KUMLUCA,ANTALYA,ANTALYA,TUR007,TÜRKİYE,TURKEY,TUR007016
MANAVGAT,MANAVGAT,ANTALYA,ANTALYA,TUR007,TÜRKİYE,TURKEY,TUR007017
MURATPAŞA,MURATPASA,ANTALYA,ANTALYA,TUR007,TÜRKİYE,TURKEY,TUR007018
SERİK,SERIK,ANTALYA,ANTALYA,TUR007,TÜRKİYE,TURKEY,TUR007019
ARDAHAN,ARDAHAN,ARDAHAN,ARDAHAN,TUR075,TÜRKİYE,TURKEY,TUR075001
ÇILDIR,CILDIR,ARDAHAN,ARDAHAN,TUR075,TÜRKİYE,TURKEY,TUR075002
DAMAL,DAMAL,ARDAHAN,ARDAHAN,TUR075,TÜRKİYE,TURKEY,TUR075003
GÖLE,GOLE,ARDAHAN,ARDAHAN,TUR075,TÜRKİYE,TURKEY,TUR075004
HANAK,HANAK,ARDAHAN,ARDAHAN,TUR075,TÜRKİYE,TURKEY,TUR075005
POSOF,POSOF,ARDAHAN,ARDAHAN,TUR075,TÜRKİYE,TURKEY,TUR075006
ARDANUÇ,ARDANUC,ARTVİN,ARTVIN,TUR008,TÜRKİYE,TURKEY,TUR008001
ARHAVİ,ARHAVI,ARTVİN,ARTVIN,TUR008,TÜRKİYE,TURKEY,TUR008002
ARTVİN,ARTVIN,ARTVİN,ARTVIN,TUR008,TÜRKİYE,TURKEY,TUR008003
BORÇKA,BORCKA,ARTVİN,ARTVIN,TUR008,TÜRKİYE,TURKEY,TUR008004
HOPA,HOPA,ARTVİN,ARTVIN,TUR008,TÜRKİYE,TURKEY,TUR008005
KEMALPAŞA,KEMALPASA,ARTVİN,ARTVIN,TUR008,TÜRKİYE,TURKEY,TUR008006
MURGUL,MURGUL,ARTVİN,ARTVIN,TUR008,TÜRKİYE,TURKEY,TUR008007
ŞAVŞAT,SAVSAT,ARTVİN,ARTVIN,TUR008,TÜRKİYE,TURKEY,TUR008008
YUSUFELİ,YUSUFELI,ARTVİN,ARTVIN,TUR008,TÜRKİYE,TURKEY,TUR008009
BOZDOĞAN,BOZDOGAN,AYDIN,AYDIN,TUR009,TÜRKİYE,TURKEY,TUR009001
BUHARKENT,BUHARKENT,AYDIN,AYDIN,TUR009,TÜRKİYE,TURKEY,TUR009002
ÇİNE,CINE,AYDIN,AYDIN,TUR009,TÜRKİYE,TURKEY,TUR009003
DİDİM,DIDIM,AYDIN,AYDIN,TUR009,TÜRKİYE,TURKEY,TUR009004
EFELER,EFELER,AYDIN,AYDIN,TUR009,TÜRKİYE,TURKEY,TUR009005
GERMENCİK,GERMENCIK,AYDIN,AYDIN,TUR009,TÜRKİYE,TURKEY,TUR009006
İNCİRLİOVA,INCIRLIOVA,AYDIN,AYDIN,TUR009,TÜRKİYE,TURKEY,TUR009007
KARACASU,KARACASU,AYDIN,AYDIN,TUR009,TÜRKİYE,TURKEY,TUR009008
KARPUZLU,KARPUZLU,AYDIN,AYDIN,TUR009,TÜRKİYE,TURKEY,TUR009009
KOÇARLI,KOCARLI,AYDIN,AYDIN,TUR009,TÜRKİYE,TURKEY,TUR009010
KÖŞK,KOSK,AYDIN,AYDIN,TUR009,TÜRKİYE,TURKEY,TUR009011
KUŞADASI,KUSADASI,AYDIN,AYDIN,TUR009,TÜRKİYE,TURKEY,TUR009012
KUYUCAK,KUYUCAK,AYDIN,AYDIN,TUR009,TÜRKİYE,TURKEY,TUR009013
NAZİLLİ,NAZILLI,AYDIN,AYDIN,TUR009,TÜRKİYE,TURKEY,TUR009014
SÖKE,SOKE,AYDIN,AYDIN,TUR009,TÜRKİYE,TURKEY,TUR009015
SULTANHİSAR,SULTANHISAR,AYDIN,AYDIN,TUR009,TÜRKİYE,TURKEY,TUR009016
YENİPAZAR,YENIPAZAR,AYDIN,AYDIN,TUR009,TÜRKİYE,TURKEY,TUR009017
ALTIEYLÜL,ALTIEYLUL,BALIKESİR,BALIKESIR,TUR010,TÜRKİYE,TURKEY,TUR010001
AYVALIK,AYVALIK,BALIKESİR,BALIKESIR,TUR010,TÜRKİYE,TURKEY,TUR010002
BALYA,BALYA,BALIKESİR,BALIKESIR,TUR010,TÜRKİYE,TURKEY,TUR010003
BANDIRMA,BANDIRMA,BALIKESİR,BALIKESIR,TUR010,TÜRKİYE,TURKEY,TUR010004
BİGADİÇ,BIGADIC,BALIKESİR,BALIKESIR,TUR010,TÜRKİYE,TURKEY,TUR010005
BURHANİYE,BURHANIYE,BALIKESİR,BALIKESIR,TUR010,TÜRKİYE,TURKEY,TUR010006
DURSUNBEY,DURSUNBEY,BALIKESİR,BALIKESIR,TUR010,TÜRKİYE,TURKEY,TUR010007
EDREMİT,EDREMIT,BALIKESİR,BALIKESIR,TUR010,TÜRKİYE,TURKEY,TUR010008
ERDEK,ERDEK,BALIKESİR,BALIKESIR,TUR010,TÜRKİYE,TURKEY,TUR010009
GÖMEÇ,GOMEC,BALIKESİR,BALIKESIR,TUR010,TÜRKİYE,TURKEY,TUR010010
GÖNEN,GONEN,BALIKESİR,BALIKESIR,TUR010,TÜRKİYE,TURKEY,TUR010011
HAVRAN,HAVRAN,BALIKESİR,BALIKESIR,TUR010,TÜRKİYE,TURKEY,TUR010012
İVRİNDİ,IVRINDI,BALIKESİR,BALIKESIR,TUR010,TÜRKİYE,TURKEY,TUR010013
KARESİ,KARESI,BALIKESİR,BALIKESIR,TUR010,TÜRKİYE,TURKEY,TUR010014
KEPSUT,KEPSUT,BALIKESİR,BALIKESIR,TUR010,TÜRKİYE,TURKEY,TUR010015
MANYAS,MANYAS,BALIKESİR,BALIKESIR,TUR010,TÜRKİYE,TURKEY,TUR010016
MARMARA,MARMARA,BALIKESİR,BALIKESIR,TUR010,TÜRKİYE,TURKEY,TUR010017
SAVAŞTEPE,SAVASTEPE,BALIKESİR,BALIKESIR,TUR010,TÜRKİYE,TURKEY,TUR010018
SINDIRGI,SINDIRGI,BALIKESİR,BALIKESIR,TUR010,TÜRKİYE,TURKEY,TUR010019
SUSURLUK,SUSURLUK,BALIKESİR,BALIKESIR,TUR010,TÜRKİYE,TURKEY,TUR010020
AMASRA,AMASRA,BARTIN,BARTIN,TUR074,TÜRKİYE,TURKEY,TUR074001
BARTIN,BARTIN,BARTIN,BARTIN,TUR074,TÜRKİYE,TURKEY,TUR074002
KURUCAŞİLE,KURUCASILE,BARTIN,BARTIN,TUR074,TÜRKİYE,TURKEY,TUR074003
ULUS,ULUS,BARTIN,BARTIN,TUR074,TÜRKİYE,TURKEY,TUR074004
BATMAN,BATMAN,BATMAN,BATMAN,TUR072,TÜRKİYE,TURKEY,TUR072001
BEŞİRİ,BESIRI,BATMAN,BATMAN,TUR072,TÜRKİYE,TURKEY,TUR072002
GERCÜŞ,GERCUS,BATMAN,BATMAN,TUR072,TÜRKİYE,TURKEY,TUR072003
HASANKEYF,HASANKEYF,BATMAN,BATMAN,TUR072,TÜRKİYE,TURKEY,TUR072004
KOZLUK,KOZLUK,BATMAN,BATMAN,TUR072,TÜRKİYE,TURKEY,TUR072005
SASON,SASON,BATMAN,BATMAN,TUR072,TÜRKİYE,TURKEY,TUR072006
AYDINTEPE,AYDINTEPE,BAYBURT,BAYBURT,TUR069,TÜRKİYE,TURKEY,TUR069001
BAYBURT,BAYBURT,BAYBURT,BAYBURT,TUR069,TÜRKİYE,TURKEY,TUR069002
DEMİRÖZÜ,DEMIROZU,BAYBURT,BAYBURT,TUR069,TÜRKİYE,TURKEY,TUR069003
BİLECİK,BILECIK,BİLECİK,BILECIK,TUR011,TÜRKİYE,TURKEY,TUR011001
BOZÜYÜK,BOZUYUK,BİLECİK,BILECIK,TUR011,TÜRKİYE,TURKEY,TUR011002
GÖLPAZARI,GOLPAZARI,BİLECİK,BILECIK,TUR011,TÜRKİYE,TURKEY,TUR011003
İNHİSAR,INHISAR,BİLECİK,BILECIK,TUR011,TÜRKİYE,TURKEY,TUR011004
OSMANELİ,OSMANELI,BİLECİK,BILECIK,TUR011,TÜRKİYE,TURKEY,TUR011005
PAZARYERİ,PAZARYERI,BİLECİK,BILECIK,TUR011,TÜRKİYE,TURKEY,TUR011006
SÖĞÜT,SOGUT,BİLECİK,BILECIK,TUR011,TÜRKİYE,TURKEY,TUR011007
YENİPAZAR,YENIPAZAR,BİLECİK,BILECIK,TUR011,TÜRKİYE,TURKEY,TUR011008
ADAKLI,ADAKLI,BİNGÖL,BINGOL,TUR012,TÜRKİYE,TURKEY,TUR012001
BİNGÖL,BINGOL,BİNGÖL,BINGOL,TUR012,TÜRKİYE,TURKEY,TUR012002
GENÇ,GENC,BİNGÖL,BINGOL,TUR012,TÜRKİYE,TURKEY,TUR012003
KARLIOVA,KARLIOVA,BİNGÖL,BINGOL,TUR012,TÜRKİYE,TURKEY,TUR012004
KİĞI,KIGI,BİNGÖL,BINGOL,TUR012,TÜRKİYE,TURKEY,TUR012005
SOLHAN,SOLHAN,BİNGÖL,BINGOL,TUR012,TÜRKİYE,TURKEY,TUR012006
YAYLADERE,YAYLADERE,BİNGÖL,BINGOL,TUR012,TÜRKİYE,TURKEY,TUR012007
YEDİSU,YEDISU,BİNGÖL,BINGOL,TUR012,TÜRKİYE,TURKEY,TUR012008
ADİLCEVAZ,ADILCEVAZ,BİTLİS,BITLIS,TUR013,TÜRKİYE,TURKEY,TUR013001
AHLAT,AHLAT,BİTLİS,BITLIS,TUR013,TÜRKİYE,TURKEY,TUR013002
BİTLİS,BITLIS,BİTLİS,BITLIS,TUR013,TÜRKİYE,TURKEY,TUR013003
GÜROYMAK,GUROYMAK,BİTLİS,BITLIS,TUR013,TÜRKİYE,TURKEY,TUR013004
HİZAN,HIZAN,BİTLİS,BITLIS,TUR013,TÜRKİYE,TURKEY,TUR013005
MUTKİ,MUTKI,BİTLİS,BITLIS,TUR013,TÜRKİYE,TURKEY,TUR013006
TATVAN,TATVAN,BİTLİS,BITLIS,TUR013,TÜRKİYE,TURKEY,TUR013007
BOLU,BOLU,BOLU,BOLU,TUR014,TÜRKİYE,TURKEY,TUR014001
DÖRTDİVAN,DORTDIVAN,BOLU,BOLU,TUR014,TÜRKİYE,TURKEY,TUR014002
GEREDE,GEREDE,BOLU,BOLU,TUR014,TÜRKİYE,TURKEY,TUR014003
GÖYNÜK,GOYNUK,BOLU,BOLU,TUR014,TÜRKİYE,TURKEY,TUR014004
KIBRISCIK,KIBRISCIK,BOLU,BOLU,TUR014,TÜRKİYE,TURKEY,TUR014005
MENGEN,MENGEN,BOLU,BOLU,TUR014,TÜRKİYE,TURKEY,TUR014006
MUDURNU,MUDURNU,BOLU,BOLU,TUR014,TÜRKİYE,TURKEY,TUR014007
SEBEN,SEBEN,BOLU,BOLU,TUR014,TÜRKİYE,TURKEY,TUR014008
YENİÇAĞA,YENICAGA,BOLU,BOLU,TUR014,TÜRKİYE,TURKEY,TUR014009
AĞLASUN,AGLASUN,BURDUR,BURDUR,TUR015,TÜRKİYE,TURKEY,TUR015001
ALTINYAYLA,ALTINYAYLA,BURDUR,BURDUR,TUR015,TÜRKİYE,TURKEY,TUR015002
BUCAK,BUCAK,BURDUR,BURDUR,TUR015,TÜRKİYE,TURKEY,TUR015003
BURDUR,BURDUR,BURDUR,BURDUR,TUR015,TÜRKİYE,TURKEY,TUR015004
ÇAVDIR,CAVDIR,BURDUR,BURDUR,TUR015,TÜRKİYE,TURKEY,TUR015005
ÇELTİKÇİ,CELTIKCI,BURDUR,BURDUR,TUR015,TÜRKİYE,TURKEY,TUR015006
GÖLHİSAR,GOLHISAR,BURDUR,BURDUR,TUR015,TÜRKİYE,TURKEY,TUR015007
KARAMANLI,KARAMANLI,BURDUR,BURDUR,TUR015,TÜRKİYE,TURKEY,TUR015008
KEMER,KEMER,BURDUR,BURDUR,TUR015,TÜRKİYE,TURKEY,TUR015009
TEFENNİ,TEFENNI,BURDUR,BURDUR,TUR015,TÜRKİYE,TURKEY,TUR015010
YEŞİLOVA,YESILOVA,BURDUR,BURDUR,TUR015,TÜRKİYE,TURKEY,TUR015011
BÜYÜKORHAN,BUYUKORHAN,BURSA,BURSA,TUR016,TÜRKİYE,TURKEY,TUR016001
GEMLİK,GEMLIK,BURSA,BURSA,TUR016,TÜRKİYE,TURKEY,TUR016002
GÜRSU,GURSU,BURSA,BURSA,TUR016,TÜRKİYE,TURKEY,TUR016003
HARMANCIK,HARMANCIK,BURSA,BURSA,TUR016,TÜRKİYE,TURKEY,TUR016004
İNEGÖL,INEGOL,BURSA,BURSA,TUR016,TÜRKİYE,TURKEY,TUR016005
İZNİK,IZNIK,BURSA,BURSA,TUR016,TÜRKİYE,TURKEY,TUR016006
KARACABEY,KARACABEY,BURSA,BURSA,TUR016,TÜRKİYE,TURKEY,TUR016007
KELES,KELES,BURSA,BURSA,TUR016,TÜRKİYE,TURKEY,TUR016008
KESTEL,KESTEL,BURSA,BURSA,TUR016,TÜRKİYE,TURKEY,TUR016009
MUDANYA,MUDANYA,BURSA,BURSA,TUR016,TÜRKİYE,TURKEY,TUR016010
MUSTAFAKEMALPAŞA,MUSTAFAKEMALPASA,BURSA,BURSA,TUR016,TÜRKİYE,TURKEY,TUR016011
NİLÜFER,NILUFER,BURSA,BURSA,TUR016,TÜRKİYE,TURKEY,TUR016012
ORHANELİ,ORHANELI,BURSA,BURSA,TUR016,TÜRKİYE,TURKEY,TUR016013
ORHANGAZİ,ORHANGAZI,BURSA,BURSA,TUR016,TÜRKİYE,TURKEY,TUR016014
OSMANGAZİ,OSMANGAZI,BURSA,BURSA,TUR016,TÜRKİYE,TURKEY,TUR016015
YENİŞEHİR,YENISEHIR,BURSA,BURSA,TUR016,TÜRKİYE,TURKEY,TUR016016
YILDIRIM,YILDIRIM,BURSA,BURSA,TUR016,TÜRKİYE,TURKEY,TUR016017
AYVACIK,AYVACIK,ÇANAKKALE,CANAKKALE,TUR017,TÜRKİYE,TURKEY,TUR017001
BAYRAMİÇ,BAYRAMIC,ÇANAKKALE,CANAKKALE,TUR017,TÜRKİYE,TURKEY,TUR017002
BİGA,BIGA,ÇANAKKALE,CANAKKALE,TUR017,TÜRKİYE,TURKEY,TUR017003
BOZCAADA,BOZCAADA,ÇANAKKALE,CANAKKALE,TUR017,TÜRKİYE,TURKEY,TUR017004
ÇAN,CAN,ÇANAKKALE,CANAKKALE,TUR017,TÜRKİYE,TURKEY,TUR017005
ÇANAKKALE,CANAKKALE,ÇANAKKALE,CANAKKALE,TUR017,TÜRKİYE,TURKEY,TUR017006
ECEABAT,ECEABAT,ÇANAKKALE,CANAKKALE,TUR017,TÜRKİYE,TURKEY,TUR017007
EZİNE,EZINE,ÇANAKKALE,CANAKKALE,TUR017,TÜRKİYE,TURKEY,TUR017008
GELİBOLU,GELIBOLU,ÇANAKKALE,CANAKKALE,TUR017,TÜRKİYE,TURKEY,TUR017009
GÖKÇEADA,GOKCEADA,ÇANAKKALE,CANAKKALE,TUR017,TÜRKİYE,TURKEY,TUR017010
LAPSEKİ,LAPSEKI,ÇANAKKALE,CANAKKALE,TUR017,TÜRKİYE,TURKEY,TUR017011
YENİCE,YENICE,ÇANAKKALE,CANAKKALE,TUR017,TÜRKİYE,TURKEY,TUR017012
ATKARACALAR,ATKARACALAR,ÇANKIRI,CANKIRI,TUR018,TÜRKİYE,TURKEY,TUR018001
BAYRAMÖREN,BAYRAMOREN,ÇANKIRI,CANKIRI,TUR018,TÜRKİYE,TURKEY,TUR018002
ÇANKIRI,CANKIRI,ÇANKIRI,CANKIRI,TUR018,TÜRKİYE,TURKEY,TUR018003
ÇERKEŞ,CERKES,ÇANKIRI,CANKIRI,TUR018,TÜRKİYE,TURKEY,TUR018004
ELDİVAN,ELDIVAN,ÇANKIRI,CANKIRI,TUR018,TÜRKİYE,TURKEY,TUR018005
ILGAZ,ILGAZ,ÇANKIRI,CANKIRI,TUR018,TÜRKİYE,TURKEY,TUR018006
KIZILIRMAK,KIZILIRMAK,ÇANKIRI,CANKIRI,TUR018,TÜRKİYE,TURKEY,TUR018007
KORGUN,KORGUN,ÇANKIRI,CANKIRI,TUR018,TÜRKİYE,TURKEY,TUR018008
KURŞUNLU,KURSUNLU,ÇANKIRI,CANKIRI,TUR018,TÜRKİYE,TURKEY,TUR018009
ORTA,ORTA,ÇANKIRI,CANKIRI,TUR018,TÜRKİYE,TURKEY,TUR018010
ŞABANÖZÜ,SABANOZU,ÇANKIRI,CANKIRI,TUR018,TÜRKİYE,TURKEY,TUR018011
YAPRAKLI,YAPRAKLI,ÇANKIRI,CANKIRI,TUR018,TÜRKİYE,TURKEY,TUR018012
ALACA,ALACA,ÇORUM,CORUM,TUR019,TÜRKİYE,TURKEY,TUR019001
BAYAT,BAYAT,ÇORUM,CORUM,TUR019,TÜRKİYE,TURKEY,TUR019002
BOĞAZKALE,BOGAZKALE,ÇORUM,CORUM,TUR019,TÜRKİYE,TURKEY,TUR019003
ÇORUM,CORUM,ÇORUM,CORUM,TUR019,TÜRKİYE,TURKEY,TUR019004
DODURGA,DODURGA,ÇORUM,CORUM,TUR019,TÜRKİYE,TURKEY,TUR019005
İSKİLİP,ISKILIP,ÇORUM,CORUM,TUR019,TÜRKİYE,TURKEY,TUR019006
KARGI,KARGI,ÇORUM,CORUM,TUR019,TÜRKİYE,TURKEY,TUR019007
LAÇİN,LACIN,ÇORUM,CORUM,TUR019,TÜRKİYE,TURKEY,TUR019008
MECİTÖZÜ,MECITOZU,ÇORUM,CORUM,TUR019,TÜRKİYE,TURKEY,TUR019009
OĞUZLAR,OGUZLAR,ÇORUM,CORUM,TUR019,TÜRKİYE,TURKEY,TUR019010
ORTAKÖY,ORTAKOY,ÇORUM,CORUM,TUR019,TÜRKİYE,TURKEY,TUR019011
OSMANCIK,OSMANCIK,ÇORUM,CORUM,TUR019,TÜRKİYE,TURKEY,TUR019012
SUNGURLU,SUNGURLU,ÇORUM,CORUM,TUR019,TÜRKİYE,TURKEY,TUR019013
UĞURLUDAĞ,UGURLUDAG,ÇORUM,CORUM,TUR019,TÜRKİYE,TURKEY,TUR019014
ACIPAYAM,ACIPAYAM,DENİZLİ,DENIZLI,TUR020,TÜRKİYE,TURKEY,TUR020001
BABADAĞ,BABADAG,DENİZLİ,DENIZLI,TUR020,TÜRKİYE,TURKEY,TUR020002
BAKLAN,BAKLAN,DENİZLİ,DENIZLI,TUR020,TÜRKİYE,TURKEY,TUR020003
BEKİLLİ,BEKILLI,DENİZLİ,DENIZLI,TUR020,TÜRKİYE,TURKEY,TUR020004
BEYAĞAÇ,BEYAGAC,DENİZLİ,DENIZLI,TUR020,TÜRKİYE,TURKEY,TUR020005
BOZKURT,BOZKURT,DENİZLİ,DENIZLI,TUR020,TÜRKİYE,TURKEY,TUR020006
BULDAN,BULDAN,DENİZLİ,DENIZLI,TUR020,TÜRKİYE,TURKEY,TUR020007
ÇAL,CAL,DENİZLİ,DENIZLI,TUR020,TÜRKİYE,TURKEY,TUR020008
ÇAMELİ,CAMELI,DENİZLİ,DENIZLI,TUR020,TÜRKİYE,TURKEY,TUR020009
ÇARDAK,CARDAK,DENİZLİ,DENIZLI,TUR020,TÜRKİYE,TURKEY,TUR020010
ÇİVRİL,CIVRIL,DENİZLİ,DENIZLI,TUR020,TÜRKİYE,TURKEY,TUR020011
GÜNEY,GUNEY,DENİZLİ,DENIZLI,TUR020,TÜRKİYE,TURKEY,TUR020012
HONAZ,HONAZ,DENİZLİ,DENIZLI,TUR020,TÜRKİYE,TURKEY,TUR020013
KALE,KALE,DENİZLİ,DENIZLI,TUR020,TÜRKİYE,TURKEY,TUR020014
MERKEZEFENDİ,MERKEZEFENDI,DENİZLİ,DENIZLI,TUR020,TÜRKİYE,TURKEY,TUR020015
PAMUKKALE,PAMUKKALE,DENİZLİ,DENIZLI,TUR020,TÜRKİYE,TURKEY,TUR020016
SARAYKÖY,SARAYKOY,DENİZLİ,DENIZLI,TUR020,TÜRKİYE,TURKEY,TUR020017
SERİNHİSAR,SERINHISAR,DENİZLİ,DENIZLI,TUR020,TÜRKİYE,TURKEY,TUR020018
TAVAS,TAVAS,DENİZLİ,DENIZLI,TUR020,TÜRKİYE,TURKEY,TUR020019
BAĞLAR,BAGLAR,DİYARBAKIR,DIYARBAKIR,TUR021,TÜRKİYE,TURKEY,TUR021001
BİSMİL,BISMIL,DİYARBAKIR,DIYARBAKIR,TUR021,TÜRKİYE,TURKEY,TUR021002
ÇERMİK,CERMIK,DİYARBAKIR,DIYARBAKIR,TUR021,TÜRKİYE,TURKEY,TUR021003
ÇINAR,CINAR,DİYARBAKIR,DIYARBAKIR,TUR021,TÜRKİYE,TURKEY,TUR021004
ÇÜNGÜŞ,CUNGUS,DİYARBAKIR,DIYARBAKIR,TUR021,TÜRKİYE,TURKEY,TUR021005
DİCLE,DICLE,DİYARBAKIR,DIYARBAKIR,TUR021,TÜRKİYE,TURKEY,TUR021006
EĞİL,EGIL,DİYARBAKIR,DIYARBAKIR,TUR021,TÜRKİYE,TURKEY,TUR021007
ERGANİ,ERGANI,DİYARBAKIR,DIYARBAKIR,TUR021,TÜRKİYE,TURKEY,TUR021008
HANİ,HANI,DİYARBAKIR,DIYARBAKIR,TUR021,TÜRKİYE,TURKEY,TUR021009
HAZRO,HAZRO,DİYARBAKIR,DIYARBAKIR,TUR021,TÜRKİYE,TURKEY,TUR021010
KAYAPINAR,KAYAPINAR,DİYARBAKIR,DIYARBAKIR,TUR021,TÜRKİYE,TURKEY,TUR021011
KOCAKÖY,KOCAKOY,DİYARBAKIR,DIYARBAKIR,TUR021,TÜRKİYE,TURKEY,TUR021012
KULP,KULP,DİYARBAKIR,DIYARBAKIR,TUR021,TÜRKİYE,TURKEY,TUR021013
LİCE,LICE,DİYARBAKIR,DIYARBAKIR,TUR021,TÜRKİYE,TURKEY,TUR021014
SİLVAN,SILVAN,DİYARBAKIR,DIYARBAKIR,TUR021,TÜRKİYE,TURKEY,TUR021015
SUR,SUR,DİYARBAKIR,DIYARBAKIR,TUR021,TÜRKİYE,TURKEY,TUR021016
YENİŞEHİR,YENISEHIR,DİYARBAKIR,DIYARBAKIR,TUR021,TÜRKİYE,TURKEY,TUR021017
AKÇAKOCA,AKCAKOCA,DÜZCE,DUZCE,TUR081,TÜRKİYE,TURKEY,TUR081001
ÇİLİMLİ,CILIMLI,DÜZCE,DUZCE,TUR081,TÜRKİYE,TURKEY,TUR081003
CUMAYERİ,CUMAYERI,DÜZCE,DUZCE,TUR081,TÜRKİYE,TURKEY,TUR081002
DÜZCE,DUZCE,DÜZCE,DUZCE,TUR081,TÜRKİYE,TURKEY,TUR081004
GÖLYAKA,GOLYAKA,DÜZCE,DUZCE,TUR081,TÜRKİYE,TURKEY,TUR081005
GÜMÜŞOVA,GUMUSOVA,DÜZCE,DUZCE,TUR081,TÜRKİYE,TURKEY,TUR081006
KAYNAŞLI,KAYNASLI,DÜZCE,DUZCE,TUR081,TÜRKİYE,TURKEY,TUR081007
YIĞILCA,YIGILCA,DÜZCE,DUZCE,TUR081,TÜRKİYE,TURKEY,TUR081008
EDİRNE,EDIRNE,EDİRNE,EDIRNE,TUR022,TÜRKİYE,TURKEY,TUR022001
ENEZ,ENEZ,EDİRNE,EDIRNE,TUR022,TÜRKİYE,TURKEY,TUR022002
HAVSA,HAVSA,EDİRNE,EDIRNE,TUR022,TÜRKİYE,TURKEY,TUR022003
İPSALA,IPSALA,EDİRNE,EDIRNE,TUR022,TÜRKİYE,TURKEY,TUR022004
KEŞAN,KESAN,EDİRNE,EDIRNE,TUR022,TÜRKİYE,TURKEY,TUR022005
LALAPAŞA,LALAPASA,EDİRNE,EDIRNE,TUR022,TÜRKİYE,TURKEY,TUR022006
MERİÇ,MERIC,EDİRNE,EDIRNE,TUR022,TÜRKİYE,TURKEY,TUR022007
SÜLOĞLU,SULOGLU,EDİRNE,EDIRNE,TUR022,TÜRKİYE,TURKEY,TUR022008
UZUNKÖPRÜ,UZUNKOPRU,EDİRNE,EDIRNE,TUR022,TÜRKİYE,TURKEY,TUR022009
AĞIN,AGIN,ELAZIĞ,ELAZIG,TUR023,TÜRKİYE,TURKEY,TUR023001
ALACAKAYA,ALACAKAYA,ELAZIĞ,ELAZIG,TUR023,TÜRKİYE,TURKEY,TUR023002
ARICAK,ARICAK,ELAZIĞ,ELAZIG,TUR023,TÜRKİYE,TURKEY,TUR023003
BASKİL,BASKIL,ELAZIĞ,ELAZIG,TUR023,TÜRKİYE,TURKEY,TUR023004
ELAZIĞ,ELAZIG,ELAZIĞ,ELAZIG,TUR023,TÜRKİYE,TURKEY,TUR023005
KARAKOÇAN,KARAKOCAN,ELAZIĞ,ELAZIG,TUR023,TÜRKİYE,TURKEY,TUR023006
KEBAN,KEBAN,ELAZIĞ,ELAZIG,TUR023,TÜRKİYE,TURKEY,TUR023007
KOVANCILAR,KOVANCILAR,ELAZIĞ,ELAZIG,TUR023,TÜRKİYE,TURKEY,TUR023008
MADEN,MADEN,ELAZIĞ,ELAZIG,TUR023,TÜRKİYE,TURKEY,TUR023009
PALU,PALU,ELAZIĞ,ELAZIG,TUR023,TÜRKİYE,TURKEY,TUR023010
SİVRİCE,SIVRICE,ELAZIĞ,ELAZIG,TUR023,TÜRKİYE,TURKEY,TUR023011
ÇAYIRLI,CAYIRLI,ERZİNCAN,ERZINCAN,TUR024,TÜRKİYE,TURKEY,TUR024001
ERZİNCAN,ERZINCAN,ERZİNCAN,ERZINCAN,TUR024,TÜRKİYE,TURKEY,TUR024002
İLİÇ,ILIC,ERZİNCAN,ERZINCAN,TUR024,TÜRKİYE,TURKEY,TUR024003
KEMAH,KEMAH,ERZİNCAN,ERZINCAN,TUR024,TÜRKİYE,TURKEY,TUR024004
KEMALİYE,KEMALIYE,ERZİNCAN,ERZINCAN,TUR024,TÜRKİYE,TURKEY,TUR024005
OTLUKBELİ,OTLUKBELI,ERZİNCAN,ERZINCAN,TUR024,TÜRKİYE,TURKEY,TUR024006
REFAHİYE,REFAHIYE,ERZİNCAN,ERZINCAN,TUR024,TÜRKİYE,TURKEY,TUR024007
TERCAN,TERCAN,ERZİNCAN,ERZINCAN,TUR024,TÜRKİYE,TURKEY,TUR024008
ÜZÜMLÜ,UZUMLU,ERZİNCAN,ERZINCAN,TUR024,TÜRKİYE,TURKEY,TUR024009
AŞKALE,ASKALE,ERZURUM,ERZURUM,TUR025,TÜRKİYE,TURKEY,TUR025001
AZİZİYE,AZIZIYE,ERZURUM,ERZURUM,TUR025,TÜRKİYE,TURKEY,TUR025002
ÇAT,CAT,ERZURUM,ERZURUM,TUR025,TÜRKİYE,TURKEY,TUR025003
HINIS,HINIS,ERZURUM,ERZURUM,TUR025,TÜRKİYE,TURKEY,TUR025004
HORASAN,HORASAN,ERZURUM,ERZURUM,TUR025,TÜRKİYE,TURKEY,TUR025005
İSPİR,ISPIR,ERZURUM,ERZURUM,TUR025,TÜRKİYE,TURKEY,TUR025006
KARAÇOBAN,KARACOBAN,ERZURUM,ERZURUM,TUR025,TÜRKİYE,TURKEY,TUR025007
KARAYAZI,KARAYAZI,ERZURUM,ERZURUM,TUR025,TÜRKİYE,TURKEY,TUR025008
KÖPRÜKÖY,KOPRUKOY,ERZURUM,ERZURUM,TUR025,TÜRKİYE,TURKEY,TUR025009
NARMAN,NARMAN,ERZURUM,ERZURUM,TUR025,TÜRKİYE,TURKEY,TUR025010
OLTU,OLTU,ERZURUM,ERZURUM,TUR025,TÜRKİYE,TURKEY,TUR025011
OLUR,OLUR,ERZURUM,ERZURUM,TUR025,TÜRKİYE,TURKEY,TUR025012
PALANDÖKEN,PALANDOKEN,ERZURUM,ERZURUM,TUR025,TÜRKİYE,TURKEY,TUR025013
PASİNLER,PASINLER,ERZURUM,ERZURUM,TUR025,TÜRKİYE,TURKEY,TUR025014
PAZARYOLU,PAZARYOLU,ERZURUM,ERZURUM,TUR025,TÜRKİYE,TURKEY,TUR025015
ŞENKAYA,SENKAYA,ERZURUM,ERZURUM,TUR025,TÜRKİYE,TURKEY,TUR025016
TEKMAN,TEKMAN,ERZURUM,ERZURUM,TUR025,TÜRKİYE,TURKEY,TUR025017
TORTUM,TORTUM,ERZURUM,ERZURUM,TUR025,TÜRKİYE,TURKEY,TUR025018
UZUNDERE,UZUNDERE,ERZURUM,ERZURUM,TUR025,TÜRKİYE,TURKEY,TUR025019
YAKUTİYE,YAKUTIYE,ERZURUM,ERZURUM,TUR025,TÜRKİYE,TURKEY,TUR025020
ALPU,ALPU,ESKİŞEHİR,ESKISEHIR,TUR026,TÜRKİYE,TURKEY,TUR026001
BEYLİKOVA,BEYLIKOVA,ESKİŞEHİR,ESKISEHIR,TUR026,TÜRKİYE,TURKEY,TUR026002
ÇİFTELER,CIFTELER,ESKİŞEHİR,ESKISEHIR,TUR026,TÜRKİYE,TURKEY,TUR026003
GÜNYÜZÜ,GUNYUZU,ESKİŞEHİR,ESKISEHIR,TUR026,TÜRKİYE,TURKEY,TUR026004
HAN,HAN,ESKİŞEHİR,ESKISEHIR,TUR026,TÜRKİYE,TURKEY,TUR026005
İNÖNÜ,INONU,ESKİŞEHİR,ESKISEHIR,TUR026,TÜRKİYE,TURKEY,TUR026006
MAHMUDİYE,MAHMUDIYE,ESKİŞEHİR,ESKISEHIR,TUR026,TÜRKİYE,TURKEY,TUR026007
MİHALGAZİ,MIHALGAZI,ESKİŞEHİR,ESKISEHIR,TUR026,TÜRKİYE,TURKEY,TUR026008
MİHALIÇÇIK,MIHALICCIK,ESKİŞEHİR,ESKISEHIR,TUR026,TÜRKİYE,TURKEY,TUR026009
ODUNPAZARI,ODUNPAZARI,ESKİŞEHİR,ESKISEHIR,TUR026,TÜRKİYE,TURKEY,TUR026010
SARICAKAYA,SARICAKAYA,ESKİŞEHİR,ESKISEHIR,TUR026,TÜRKİYE,TURKEY,TUR026011
SEYİTGAZİ,SEYITGAZI,ESKİŞEHİR,ESKISEHIR,TUR026,TÜRKİYE,TURKEY,TUR026012
SİVRİHİSAR,SIVRIHISAR,ESKİŞEHİR,ESKISEHIR,TUR026,TÜRKİYE,TURKEY,TUR026013
TEPEBAŞI,TEPEBASI,ESKİŞEHİR,ESKISEHIR,TUR026,TÜRKİYE,TURKEY,TUR026014
ARABAN,ARABAN,GAZİANTEP,GAZIANTEP,TUR027,TÜRKİYE,TURKEY,TUR027001
İSLAHİYE,ISLAHIYE,GAZİANTEP,GAZIANTEP,TUR027,TÜRKİYE,TURKEY,TUR027002
KARKAMIŞ,KARKAMIS,GAZİANTEP,GAZIANTEP,TUR027,TÜRKİYE,TURKEY,TUR027003
NİZİP,NIZIP,GAZİANTEP,GAZIANTEP,TUR027,TÜRKİYE,TURKEY,TUR027004
NURDAĞI,NURDAGI,GAZİANTEP,GAZIANTEP,TUR027,TÜRKİYE,TURKEY,TUR027005
OĞUZELİ,OGUZELI,GAZİANTEP,GAZIANTEP,TUR027,TÜRKİYE,TURKEY,TUR027006
ŞAHİNBEY,SAHINBEY,GAZİANTEP,GAZIANTEP,TUR027,TÜRKİYE,TURKEY,TUR027007
ŞEHİTKAMİL,SEHITKAMIL,GAZİANTEP,GAZIANTEP,TUR027,TÜRKİYE,TURKEY,TUR027008
YAVUZELİ,YAVUZELI,GAZİANTEP,GAZIANTEP,TUR027,TÜRKİYE,TURKEY,TUR027009
ALUCRA,ALUCRA,GİRESUN,GIRESUN,TUR028,TÜRKİYE,TURKEY,TUR028001
BULANCAK,BULANCAK,GİRESUN,GIRESUN,TUR028,TÜRKİYE,TURKEY,TUR028002
ÇAMOLUK,CAMOLUK,GİRESUN,GIRESUN,TUR028,TÜRKİYE,TURKEY,TUR028003
ÇANAKÇI,CANAKCI,GİRESUN,GIRESUN,TUR028,TÜRKİYE,TURKEY,TUR028004
DERELİ,DERELI,GİRESUN,GIRESUN,TUR028,TÜRKİYE,TURKEY,TUR028005
DOĞANKENT,DOGANKENT,GİRESUN,GIRESUN,TUR028,TÜRKİYE,TURKEY,TUR028006
ESPİYE,ESPIYE,GİRESUN,GIRESUN,TUR028,TÜRKİYE,TURKEY,TUR028007
EYNESİL,EYNESIL,GİRESUN,GIRESUN,TUR028,TÜRKİYE,TURKEY,TUR028008
GİRESUN,GIRESUN,GİRESUN,GIRESUN,TUR028,TÜRKİYE,TURKEY,TUR028009
GÖRELE,GORELE,GİRESUN,GIRESUN,TUR028,TÜRKİYE,TURKEY,TUR028010
GÜCE,GUCE,GİRESUN,GIRESUN,TUR028,TÜRKİYE,TURKEY,TUR028011
KEŞAP,KESAP,GİRESUN,GIRESUN,TUR028,TÜRKİYE,TURKEY,TUR028012
PİRAZİZ,PIRAZIZ,GİRESUN,GIRESUN,TUR028,TÜRKİYE,TURKEY,TUR028013
ŞEBİNKARAHİSAR,SEBINKARAHISAR,GİRESUN,GIRESUN,TUR028,TÜRKİYE,TURKEY,TUR028014
TİREBOLU,TIREBOLU,GİRESUN,GIRESUN,TUR028,TÜRKİYE,TURKEY,TUR028015
YAĞLIDERE,YAGLIDERE,GİRESUN,GIRESUN,TUR028,TÜRKİYE,TURKEY,TUR028016
GÜMÜŞHANE,GUMUSHANE,GÜMÜŞHANE,GUMUSHANE,TUR029,TÜRKİYE,TURKEY,TUR029001
KELKİT,KELKIT,GÜMÜŞHANE,GUMUSHANE,TUR029,TÜRKİYE,TURKEY,TUR029002
KÖSE,KOSE,GÜMÜŞHANE,GUMUSHANE,TUR029,TÜRKİYE,TURKEY,TUR029003
KÜRTÜN,KURTUN,GÜMÜŞHANE,GUMUSHANE,TUR029,TÜRKİYE,TURKEY,TUR029004
ŞİRAN,SIRAN,GÜMÜŞHANE,GUMUSHANE,TUR029,TÜRKİYE,TURKEY,TUR029005
TORUL,TORUL,GÜMÜŞHANE,GUMUSHANE,TUR029,TÜRKİYE,TURKEY,TUR029006
ÇUKURCA,CUKURCA,HAKKARİ,HAKKARI,TUR030,TÜRKİYE,TURKEY,TUR030001
HAKKARİ,HAKKARI,HAKKARİ,HAKKARI,TUR030,TÜRKİYE,TURKEY,TUR030002
ŞEMDİNLİ,SEMDINLI,HAKKARİ,HAKKARI,TUR030,TÜRKİYE,TURKEY,TUR030003
YÜKSEKOVA,YUKSEKOVA,HAKKARİ,HAKKARI,TUR030,TÜRKİYE,TURKEY,TUR030004
ALTINÖZÜ,ALTINOZU,HATAY,HATAY,TUR031,TÜRKİYE,TURKEY,TUR031001
ANTAKYA,ANTAKYA,HATAY,HATAY,TUR031,TÜRKİYE,TURKEY,TUR031002
ARSUZ,ARSUZ,HATAY,HATAY,TUR031,TÜRKİYE,TURKEY,TUR031003
BELEN,BELEN,HATAY,HATAY,TUR031,TÜRKİYE,TURKEY,TUR031004
DEFNE,DEFNE,HATAY,HATAY,TUR031,TÜRKİYE,TURKEY,TUR031005
DÖRTYOL,DORTYOL,HATAY,HATAY,TUR031,TÜRKİYE,TURKEY,TUR031006
ERZİN,ERZIN,HATAY,HATAY,TUR031,TÜRKİYE,TURKEY,TUR031007
HASSA,HASSA,HATAY,HATAY,TUR031,TÜRKİYE,TURKEY,TUR031008
İSKENDERUN,ISKENDERUN,HATAY,HATAY,TUR031,TÜRKİYE,TURKEY,TUR031009
KIRIKHAN,KIRIKHAN,HATAY,HATAY,TUR031,TÜRKİYE,TURKEY,TUR031010
KUMLU,KUMLU,HATAY,HATAY,TUR031,TÜRKİYE,TURKEY,TUR031011
PAYAS,PAYAS,HATAY,HATAY,TUR031,TÜRKİYE,TURKEY,TUR031012
REYHANLI,REYHANLI,HATAY,HATAY,TUR031,TÜRKİYE,TURKEY,TUR031013
SAMANDAĞ,SAMANDAG,HATAY,HATAY,TUR031,TÜRKİYE,TURKEY,TUR031014
YAYLADAĞI,YAYLADAGI,HATAY,HATAY,TUR031,TÜRKİYE,TURKEY,TUR031015
ARALIK,ARALIK,IĞDIR,IGDIR,TUR076,TÜRKİYE,TURKEY,TUR076001
IĞDIR,IGDIR,IĞDIR,IGDIR,TUR076,TÜRKİYE,TURKEY,TUR076002
KARAKOYUNLU,KARAKOYUNLU,IĞDIR,IGDIR,TUR076,TÜRKİYE,TURKEY,TUR076003
TUZLUCA,TUZLUCA,IĞDIR,IGDIR,TUR076,TÜRKİYE,TURKEY,TUR076004
AKSU,AKSU,ISPARTA,ISPARTA,TUR032,TÜRKİYE,TURKEY,TUR032001
ATABEY,ATABEY,ISPARTA,ISPARTA,TUR032,TÜRKİYE,TURKEY,TUR032002
EĞİRDİR,EGIRDIR,ISPARTA,ISPARTA,TUR032,TÜRKİYE,TURKEY,TUR032003
GELENDOST,GELENDOST,ISPARTA,ISPARTA,TUR032,TÜRKİYE,TURKEY,TUR032004
GÖNEN,GONEN,ISPARTA,ISPARTA,TUR032,TÜRKİYE,TURKEY,TUR032005
ISPARTA,ISPARTA,ISPARTA,ISPARTA,TUR032,TÜRKİYE,TURKEY,TUR032006
KEÇİBORLU,KECIBORLU,ISPARTA,ISPARTA,TUR032,TÜRKİYE,TURKEY,TUR032007
ŞARKİKARAAĞAÇ,SARKIKARAAGAC,ISPARTA,ISPARTA,TUR032,TÜRKİYE,TURKEY,TUR032010
SENİRKENT,SENIRKENT,ISPARTA,ISPARTA,TUR032,TÜRKİYE,TURKEY,TUR032008
SÜTÇÜLER,SUTCULER,ISPARTA,ISPARTA,TUR032,TÜRKİYE,TURKEY,TUR032009
ULUBORLU,ULUBORLU,ISPARTA,ISPARTA,TUR032,TÜRKİYE,TURKEY,TUR032011
YALVAÇ,YALVAC,ISPARTA,ISPARTA,TUR032,TÜRKİYE,TURKEY,TUR032012
YENİŞARBADEMLİ,YENISARBADEMLI,ISPARTA,ISPARTA,TUR032,TÜRKİYE,TURKEY,TUR032013
ADALAR,ADALAR,İSTANBUL,ISTANBUL,TUR034,TÜRKİYE,TURKEY,TUR034001
ARNAVUTKÖY,ARNAVUTKOY,İSTANBUL,ISTANBUL,TUR034,TÜRKİYE,TURKEY,TUR034002
ATAŞEHİR,ATASEHIR,İSTANBUL,ISTANBUL,TUR034,TÜRKİYE,TURKEY,TUR034003
AVCILAR,AVCILAR,İSTANBUL,ISTANBUL,TUR034,TÜRKİYE,TURKEY,TUR034004
BAĞCILAR,BAGCILAR,İSTANBUL,ISTANBUL,TUR034,TÜRKİYE,TURKEY,TUR034005
BAHÇELİEVLER,BAHCELIEVLER,İSTANBUL,ISTANBUL,TUR034,TÜRKİYE,TURKEY,TUR034006
BAKIRKÖY,BAKIRKOY,İSTANBUL,ISTANBUL,TUR034,TÜRKİYE,TURKEY,TUR034007
BAŞAKŞEHİR,BASAKSEHIR,İSTANBUL,ISTANBUL,TUR034,TÜRKİYE,TURKEY,TUR034008
BAYRAMPAŞA,BAYRAMPASA,İSTANBUL,ISTANBUL,TUR034,TÜRKİYE,TURKEY,TUR034009
BEŞİKTAŞ,BESIKTAS,İSTANBUL,ISTANBUL,TUR034,TÜRKİYE,TURKEY,TUR034010
BEYKOZ,BEYKOZ,İSTANBUL,ISTANBUL,TUR034,TÜRKİYE,TURKEY,TUR034011
BEYLİKDÜZÜ,BEYLIKDUZU,İSTANBUL,ISTANBUL,TUR034,TÜRKİYE,TURKEY,TUR034012
BEYOĞLU,BEYOGLU,İSTANBUL,ISTANBUL,TUR034,TÜRKİYE,TURKEY,TUR034013
BÜYÜKÇEKMECE,BUYUKCEKMECE,İSTANBUL,ISTANBUL,TUR034,TÜRKİYE,TURKEY,TUR034014
ÇATALCA,CATALCA,İSTANBUL,ISTANBUL,TUR034,TÜRKİYE,TURKEY,TUR034015
ÇEKMEKÖY,CEKMEKOY,İSTANBUL,ISTANBUL,TUR034,TÜRKİYE,TURKEY,TUR034016
ESENLER,ESENLER,İSTANBUL,ISTANBUL,TUR034,TÜRKİYE,TURKEY,TUR034017
ESENYURT,ESENYURT,İSTANBUL,ISTANBUL,TUR034,TÜRKİYE,TURKEY,TUR034018
EYÜPSULTAN,EYUPSULTAN,İSTANBUL,ISTANBUL,TUR034,TÜRKİYE,TURKEY,TUR034019
FATİH,FATIH,İSTANBUL,ISTANBUL,TUR034,TÜRKİYE,TURKEY,TUR034020
GAZİOSMANPAŞA,GAZIOSMANPASA,İSTANBUL,ISTANBUL,TUR034,TÜRKİYE,TURKEY,TUR034021
GÜNGÖREN,GUNGOREN,İSTANBUL,ISTANBUL,TUR034,TÜRKİYE,TURKEY,TUR034022
KADIKÖY,KADIKOY,İSTANBUL,ISTANBUL,TUR034,TÜRKİYE,TURKEY,TUR034023
KAĞITHANE,KAGITHANE,İSTANBUL,ISTANBUL,TUR034,TÜRKİYE,TURKEY,TUR034024
KARTAL,KARTAL,İSTANBUL,ISTANBUL,TUR034,TÜRKİYE,TURKEY,TUR034025
KÜÇÜKÇEKMECE,KUCUKCEKMECE,İSTANBUL,ISTANBUL,TUR034,TÜRKİYE,TURKEY,TUR034026
MALTEPE,MALTEPE,İSTANBUL,ISTANBUL,TUR034,TÜRKİYE,TURKEY,TUR034027
PENDİK,PENDIK,İSTANBUL,ISTANBUL,TUR034,TÜRKİYE,TURKEY,TUR034028
SANCAKTEPE,SANCAKTEPE,İSTANBUL,ISTANBUL,TUR034,TÜRKİYE,TURKEY,TUR034029
SARIYER,SARIYER,İSTANBUL,ISTANBUL,TUR034,TÜRKİYE,TURKEY,TUR034030
ŞİLE,SILE,İSTANBUL,ISTANBUL,TUR034,TÜRKİYE,TURKEY,TUR034034
SİLİVRİ,SILIVRI,İSTANBUL,ISTANBUL,TUR034,TÜRKİYE,TURKEY,TUR034031
ŞİŞLİ,SISLI,İSTANBUL,ISTANBUL,TUR034,TÜRKİYE,TURKEY,TUR034035
SULTANBEYLİ,SULTANBEYLI,İSTANBUL,ISTANBUL,TUR034,TÜRKİYE,TURKEY,TUR034032
SULTANGAZİ,SULTANGAZI,İSTANBUL,ISTANBUL,TUR034,TÜRKİYE,TURKEY,TUR034033
TUZLA,TUZLA,İSTANBUL,ISTANBUL,TUR034,TÜRKİYE,TURKEY,TUR034036
ÜMRANİYE,UMRANIYE,İSTANBUL,ISTANBUL,TUR034,TÜRKİYE,TURKEY,TUR034037
ÜSKÜDAR,USKUDAR,İSTANBUL,ISTANBUL,TUR034,TÜRKİYE,TURKEY,TUR034038
ZEYTİNBURNU,ZEYTINBURNU,İSTANBUL,ISTANBUL,TUR034,TÜRKİYE,TURKEY,TUR034039
ALİAĞA,ALIAGA,İZMİR,IZMIR,TUR035,TÜRKİYE,TURKEY,TUR035001
BALÇOVA,BALCOVA,İZMİR,IZMIR,TUR035,TÜRKİYE,TURKEY,TUR035002
BAYINDIR,BAYINDIR,İZMİR,IZMIR,TUR035,TÜRKİYE,TURKEY,TUR035003
BAYRAKLI,BAYRAKLI,İZMİR,IZMIR,TUR035,TÜRKİYE,TURKEY,TUR035004
BERGAMA,BERGAMA,İZMİR,IZMIR,TUR035,TÜRKİYE,TURKEY,TUR035005
BEYDAĞ,BEYDAG,İZMİR,IZMIR,TUR035,TÜRKİYE,TURKEY,TUR035006
BORNOVA,BORNOVA,İZMİR,IZMIR,TUR035,TÜRKİYE,TURKEY,TUR035007
BUCA,BUCA,İZMİR,IZMIR,TUR035,TÜRKİYE,TURKEY,TUR035008
ÇEŞME,CESME,İZMİR,IZMIR,TUR035,TÜRKİYE,TURKEY,TUR035009
ÇİĞLİ,CIGLI,İZMİR,IZMIR,TUR035,TÜRKİYE,TURKEY,TUR035010
DİKİLİ,DIKILI,İZMİR,IZMIR,TUR035,TÜRKİYE,TURKEY,TUR035011
FOÇA,FOCA,İZMİR,IZMIR,TUR035,TÜRKİYE,TURKEY,TUR035012
GAZİEMİR,GAZIEMIR,İZMİR,IZMIR,TUR035,TÜRKİYE,TURKEY,TUR035013
GÜZELBAHÇE,GUZELBAHCE,İZMİR,IZMIR,TUR035,TÜRKİYE,TURKEY,TUR035014
KARABAĞLAR,KARABAGLAR,İZMİR,IZMIR,TUR035,TÜRKİYE,TURKEY,TUR035015
KARABURUN,KARABURUN,İZMİR,IZMIR,TUR035,TÜRKİYE,TURKEY,TUR035016
KARŞIYAKA,KARSIYAKA,İZMİR,IZMIR,TUR035,TÜRKİYE,TURKEY,TUR035017
KEMALPAŞA,KEMALPASA,İZMİR,IZMIR,TUR035,TÜRKİYE,TURKEY,TUR035018
KINIK,KINIK,İZMİR,IZMIR,TUR035,TÜRKİYE,TURKEY,TUR035019
KİRAZ,KIRAZ,İZMİR,IZMIR,TUR035,TÜRKİYE,TURKEY,TUR035020
KONAK,KONAK,İZMİR,IZMIR,TUR035,TÜRKİYE,TURKEY,TUR035021
MENDERES,MENDERES,İZMİR,IZMIR,TUR035,TÜRKİYE,TURKEY,TUR035022
MENEMEN,MENEMEN,İZMİR,IZMIR,TUR035,TÜRKİYE,TURKEY,TUR035023
NARLIDERE,NARLIDERE,İZMİR,IZMIR,TUR035,TÜRKİYE,TURKEY,TUR035024
ÖDEMİŞ,ODEMIS,İZMİR,IZMIR,TUR035,TÜRKİYE,TURKEY,TUR035025
SEFERİHİSAR,SEFERIHISAR,İZMİR,IZMIR,TUR035,TÜRKİYE,TURKEY,TUR035026
SELÇUK,SELCUK,İZMİR,IZMIR,TUR035,TÜRKİYE,TURKEY,TUR035027
TİRE,TIRE,İZMİR,IZMIR,TUR035,TÜRKİYE,TURKEY,TUR035028
TORBALI,TORBALI,İZMİR,IZMIR,TUR035,TÜRKİYE,TURKEY,TUR035029
URLA,URLA,İZMİR,IZMIR,TUR035,TÜRKİYE,TURKEY,TUR035030
AFŞİN,AFSIN,KAHRAMANMARAŞ,KAHRAMANMARAS,TUR046,TÜRKİYE,TURKEY,TUR046001
ANDIRIN,ANDIRIN,KAHRAMANMARAŞ,KAHRAMANMARAS,TUR046,TÜRKİYE,TURKEY,TUR046002
ÇAĞLAYANCERİT,CAGLAYANCERIT,KAHRAMANMARAŞ,KAHRAMANMARAS,TUR046,TÜRKİYE,TURKEY,TUR046003
DULKADİROĞLU,DULKADIROGLU,KAHRAMANMARAŞ,KAHRAMANMARAS,TUR046,TÜRKİYE,TURKEY,TUR046004
EKİNÖZÜ,EKINOZU,KAHRAMANMARAŞ,KAHRAMANMARAS,TUR046,TÜRKİYE,TURKEY,TUR046005
ELBİSTAN,ELBISTAN,KAHRAMANMARAŞ,KAHRAMANMARAS,TUR046,TÜRKİYE,TURKEY,TUR046006
GÖKSUN,GOKSUN,KAHRAMANMARAŞ,KAHRAMANMARAS,TUR046,TÜRKİYE,TURKEY,TUR046007
NURHAK,NURHAK,KAHRAMANMARAŞ,KAHRAMANMARAS,TUR046,TÜRKİYE,TURKEY,TUR046008
ONİKİŞUBAT,ONIKISUBAT,KAHRAMANMARAŞ,KAHRAMANMARAS,TUR046,TÜRKİYE,TURKEY,TUR046009
PAZARCIK,PAZARCIK,KAHRAMANMARAŞ,KAHRAMANMARAS,TUR046,TÜRKİYE,TURKEY,TUR046010
TÜRKOĞLU,TURKOGLU,KAHRAMANMARAŞ,KAHRAMANMARAS,TUR046,TÜRKİYE,TURKEY,TUR046011
EFLANİ,EFLANI,KARABÜK,KARABUK,TUR078,TÜRKİYE,TURKEY,TUR078001
ESKİPAZAR,ESKIPAZAR,KARABÜK,KARABUK,TUR078,TÜRKİYE,TURKEY,TUR078002
KARABÜK,KARABUK,KARABÜK,KARABUK,TUR078,TÜRKİYE,TURKEY,TUR078003
OVACIK,OVACIK,KARABÜK,KARABUK,TUR078,TÜRKİYE,TURKEY,TUR078004
SAFRANBOLU,SAFRANBOLU,KARABÜK,KARABUK,TUR078,TÜRKİYE,TURKEY,TUR078005
YENİCE,YENICE,KARABÜK,KARABUK,TUR078,TÜRKİYE,TURKEY,TUR078006
AYRANCI,AYRANCI,KARAMAN,KARAMAN,TUR070,TÜRKİYE,TURKEY,TUR070001
BAŞYAYLA,BASYAYLA,KARAMAN,KARAMAN,TUR070,TÜRKİYE,TURKEY,TUR070002
ERMENEK,ERMENEK,KARAMAN,KARAMAN,TUR070,TÜRKİYE,TURKEY,TUR070003
KARAMAN,KARAMAN,KARAMAN,KARAMAN,TUR070,TÜRKİYE,TURKEY,TUR070004
KAZIMKARABEKİR,KAZIMKARABEKIR,KARAMAN,KARAMAN,TUR070,TÜRKİYE,TURKEY,TUR070005
SARIVELİLER,SARIVELILER,KARAMAN,KARAMAN,TUR070,TÜRKİYE,TURKEY,TUR070006
AKYAKA,AKYAKA,KARS,KARS,TUR036,TÜRKİYE,TURKEY,TUR036001
ARPAÇAY,ARPACAY,KARS,KARS,TUR036,TÜRKİYE,TURKEY,TUR036002
DİGOR,DIGOR,KARS,KARS,TUR036,TÜRKİYE,TURKEY,TUR036003
KAĞIZMAN,KAGIZMAN,KARS,KARS,TUR036,TÜRKİYE,TURKEY,TUR036004
KARS,KARS,KARS,KARS,TUR036,TÜRKİYE,TURKEY,TUR036005
SARIKAMIŞ,SARIKAMIS,KARS,KARS,TUR036,TÜRKİYE,TURKEY,TUR036006
SELİM,SELIM,KARS,KARS,TUR036,TÜRKİYE,TURKEY,TUR036007
SUSUZ,SUSUZ,KARS,KARS,TUR036,TÜRKİYE,TURKEY,TUR036008
ABANA,ABANA,KASTAMONU,KASTAMONU,TUR037,TÜRKİYE,TURKEY,TUR037001
AĞLI,AGLI,KASTAMONU,KASTAMONU,TUR037,TÜRKİYE,TURKEY,TUR037002
ARAÇ,ARAC,KASTAMONU,KASTAMONU,TUR037,TÜRKİYE,TURKEY,TUR037003
AZDAVAY,AZDAVAY,KASTAMONU,KASTAMONU,TUR037,TÜRKİYE,TURKEY,TUR037004
BOZKURT,BOZKURT,KASTAMONU,KASTAMONU,TUR037,TÜRKİYE,TURKEY,TUR037005
ÇATALZEYTİN,CATALZEYTIN,KASTAMONU,KASTAMONU,TUR037,TÜRKİYE,TURKEY,TUR037007
CİDE,CIDE,KASTAMONU,KASTAMONU,TUR037,TÜRKİYE,TURKEY,TUR037006
DADAY,DADAY,KASTAMONU,KASTAMONU,TUR037,TÜRKİYE,TURKEY,TUR037008
DEVREKANİ,DEVREKANI,KASTAMONU,KASTAMONU,TUR037,TÜRKİYE,TURKEY,TUR037009
DOĞANYURT,DOGANYURT,KASTAMONU,KASTAMONU,TUR037,TÜRKİYE,TURKEY,TUR037010
HANÖNÜ,HANONU,KASTAMONU,KASTAMONU,TUR037,TÜRKİYE,TURKEY,TUR037011
İHSANGAZİ,IHSANGAZI,KASTAMONU,KASTAMONU,TUR037,TÜRKİYE,TURKEY,TUR037012
İNEBOLU,INEBOLU,KASTAMONU,KASTAMONU,TUR037,TÜRKİYE,TURKEY,TUR037013
KASTAMONU,KASTAMONU,KASTAMONU,KASTAMONU,TUR037,TÜRKİYE,TURKEY,TUR037014
KÜRE,KURE,KASTAMONU,KASTAMONU,TUR037,TÜRKİYE,TURKEY,TUR037015
PINARBAŞI,PINARBASI,KASTAMONU,KASTAMONU,TUR037,TÜRKİYE,TURKEY,TUR037016
ŞENPAZAR,SENPAZAR,KASTAMONU,KASTAMONU,TUR037,TÜRKİYE,TURKEY,TUR037018
SEYDİLER,SEYDILER,KASTAMONU,KASTAMONU,TUR037,TÜRKİYE,TURKEY,TUR037017
TAŞKÖPRÜ,TASKOPRU,KASTAMONU,KASTAMONU,TUR037,TÜRKİYE,TURKEY,TUR037019
TOSYA,TOSYA,KASTAMONU,KASTAMONU,TUR037,TÜRKİYE,TURKEY,TUR037020
AKKIŞLA,AKKISLA,KAYSERİ,KAYSERI,TUR038,TÜRKİYE,TURKEY,TUR038001
BÜNYAN,BUNYAN,KAYSERİ,KAYSERI,TUR038,TÜRKİYE,TURKEY,TUR038002
DEVELİ,DEVELI,KAYSERİ,KAYSERI,TUR038,TÜRKİYE,TURKEY,TUR038003
FELAHİYE,FELAHIYE,KAYSERİ,KAYSERI,TUR038,TÜRKİYE,TURKEY,TUR038004
HACILAR,HACILAR,KAYSERİ,KAYSERI,TUR038,TÜRKİYE,TURKEY,TUR038005
İNCESU,INCESU,KAYSERİ,KAYSERI,TUR038,TÜRKİYE,TURKEY,TUR038006
KOCASİNAN,KOCASINAN,KAYSERİ,KAYSERI,TUR038,TÜRKİYE,TURKEY,TUR038007
MELİKGAZİ,MELIKGAZI,KAYSERİ,KAYSERI,TUR038,TÜRKİYE,TURKEY,TUR038008
ÖZVATAN,OZVATAN,KAYSERİ,KAYSERI,TUR038,TÜRKİYE,TURKEY,TUR038009
PINARBAŞI,PINARBASI,KAYSERİ,KAYSERI,TUR038,TÜRKİYE,TURKEY,TUR038010
SARIOĞLAN,SARIOGLAN,KAYSERİ,KAYSERI,TUR038,TÜRKİYE,TURKEY,TUR038011
SARIZ,SARIZ,KAYSERİ,KAYSERI,TUR038,TÜRKİYE,TURKEY,TUR038012
TALAS,TALAS,KAYSERİ,KAYSERI,TUR038,TÜRKİYE,TURKEY,TUR038013
TOMARZA,TOMARZA,KAYSERİ,KAYSERI,TUR038,TÜRKİYE,TURKEY,TUR038014
YAHYALI,YAHYALI,KAYSERİ,KAYSERI,TUR038,TÜRKİYE,TURKEY,TUR038015
YEŞİLHİSAR,YESILHISAR,KAYSERİ,KAYSERI,TUR038,TÜRKİYE,TURKEY,TUR038016
ELBEYLİ,ELBEYLI,KİLİS,KILIS,TUR079,TÜRKİYE,TURKEY,TUR079001
KİLİS,KILIS,KİLİS,KILIS,TUR079,TÜRKİYE,TURKEY,TUR079002
MUSABEYLİ,MUSABEYLI,KİLİS,KILIS,TUR079,TÜRKİYE,TURKEY,TUR079003
POLATELİ,POLATELI,KİLİS,KILIS,TUR079,TÜRKİYE,TURKEY,TUR079004
BAHŞILI,BAHSILI,KIRIKKALE,KIRIKKALE,TUR071,TÜRKİYE,TURKEY,TUR071001
BALIŞEYH,BALISEYH,KIRIKKALE,KIRIKKALE,TUR071,TÜRKİYE,TURKEY,TUR071002
ÇELEBİ,CELEBI,KIRIKKALE,KIRIKKALE,TUR071,TÜRKİYE,TURKEY,TUR071003
DELİCE,DELICE,KIRIKKALE,KIRIKKALE,TUR071,TÜRKİYE,TURKEY,TUR071004
KARAKEÇİLİ,KARAKECILI,KIRIKKALE,KIRIKKALE,TUR071,TÜRKİYE,TURKEY,TUR071005
KESKİN,KESKIN,KIRIKKALE,KIRIKKALE,TUR071,TÜRKİYE,TURKEY,TUR071006
KIRIKKALE,KIRIKKALE,KIRIKKALE,KIRIKKALE,TUR071,TÜRKİYE,TURKEY,TUR071007
SULAKYURT,SULAKYURT,KIRIKKALE,KIRIKKALE,TUR071,TÜRKİYE,TURKEY,TUR071008
YAHŞİHAN,YAHSIHAN,KIRIKKALE,KIRIKKALE,TUR071,TÜRKİYE,TURKEY,TUR071009
BABAESKİ,BABAESKI,KIRKLARELİ,KIRKLARELI,TUR039,TÜRKİYE,TURKEY,TUR039001
DEMİRKÖY,DEMIRKOY,KIRKLARELİ,KIRKLARELI,TUR039,TÜRKİYE,TURKEY,TUR039002
KIRKLARELİ,KIRKLARELI,KIRKLARELİ,KIRKLARELI,TUR039,TÜRKİYE,TURKEY,TUR039003
KOFÇAZ,KOFCAZ,KIRKLARELİ,KIRKLARELI,TUR039,TÜRKİYE,TURKEY,TUR039004
LÜLEBURGAZ,LULEBURGAZ,KIRKLARELİ,KIRKLARELI,TUR039,TÜRKİYE,TURKEY,TUR039005
PEHLİVANKÖY,PEHLIVANKOY,KIRKLARELİ,KIRKLARELI,TUR039,TÜRKİYE,TURKEY,TUR039006
PINARHİSAR,PINARHISAR,KIRKLARELİ,KIRKLARELI,TUR039,TÜRKİYE,TURKEY,TUR039007
VİZE,VIZE,KIRKLARELİ,KIRKLARELI,TUR039,TÜRKİYE,TURKEY,TUR039008
AKÇAKENT,AKCAKENT,KIRŞEHİR,KIRSEHIR,TUR040,TÜRKİYE,TURKEY,TUR040001
AKPINAR,AKPINAR,KIRŞEHİR,KIRSEHIR,TUR040,TÜRKİYE,TURKEY,TUR040002
BOZTEPE,BOZTEPE,KIRŞEHİR,KIRSEHIR,TUR040,TÜRKİYE,TURKEY,TUR040003
ÇİÇEKDAĞI,CICEKDAGI,KIRŞEHİR,KIRSEHIR,TUR040,TÜRKİYE,TURKEY,TUR040004
KAMAN,KAMAN,KIRŞEHİR,KIRSEHIR,TUR040,TÜRKİYE,TURKEY,TUR040005
KIRŞEHİR,KIRSEHIR,KIRŞEHİR,KIRSEHIR,TUR040,TÜRKİYE,TURKEY,TUR040006
MUCUR,MUCUR,KIRŞEHİR,KIRSEHIR,TUR040,TÜRKİYE,TURKEY,TUR040007
BAŞİSKELE,BASISKELE,KOCAELİ,KOCAELI,TUR041,TÜRKİYE,TURKEY,TUR041001
ÇAYIROVA,CAYIROVA,KOCAELİ,KOCAELI,TUR041,TÜRKİYE,TURKEY,TUR041002
DARICA,DARICA,KOCAELİ,KOCAELI,TUR041,TÜRKİYE,TURKEY,TUR041003
DERİNCE,DERINCE,KOCAELİ,KOCAELI,TUR041,TÜRKİYE,TURKEY,TUR041004
DİLOVASI,DILOVASI,KOCAELİ,KOCAELI,TUR041,TÜRKİYE,TURKEY,TUR041005
GEBZE,GEBZE,KOCAELİ,KOCAELI,TUR041,TÜRKİYE,TURKEY,TUR041006
GÖLCÜK,GOLCUK,KOCAELİ,KOCAELI,TUR041,TÜRKİYE,TURKEY,TUR041007
İZMİT,IZMIT,KOCAELİ,KOCAELI,TUR041,TÜRKİYE,TURKEY,TUR041008
KANDIRA,KANDIRA,KOCAELİ,KOCAELI,TUR041,TÜRKİYE,TURKEY,TUR041009
KARAMÜRSEL,KARAMURSEL,KOCAELİ,KOCAELI,TUR041,TÜRKİYE,TURKEY,TUR041010
KARTEPE,KARTEPE,KOCAELİ,KOCAELI,TUR041,TÜRKİYE,TURKEY,TUR041011
KÖRFEZ,KORFEZ,KOCAELİ,KOCAELI,TUR041,TÜRKİYE,TURKEY,TUR041012
AHIRLI,AHIRLI,KONYA,KONYA,TUR042,TÜRKİYE,TURKEY,TUR042001
AKÖREN,AKOREN,KONYA,KONYA,TUR042,TÜRKİYE,TURKEY,TUR042002
AKŞEHİR,AKSEHIR,KONYA,KONYA,TUR042,TÜRKİYE,TURKEY,TUR042003
ALTINEKİN,ALTINEKIN,KONYA,KONYA,TUR042,TÜRKİYE,TURKEY,TUR042004
BEYŞEHİR,BEYSEHIR,KONYA,KONYA,TUR042,TÜRKİYE,TURKEY,TUR042005
BOZKIR,BOZKIR,KONYA,KONYA,TUR042,TÜRKİYE,TURKEY,TUR042006
ÇELTİK,CELTIK,KONYA,KONYA,TUR042,TÜRKİYE,TURKEY,TUR042008
CİHANBEYLİ,CIHANBEYLI,KONYA,KONYA,TUR042,TÜRKİYE,TURKEY,TUR042007
ÇUMRA,CUMRA,KONYA,KONYA,TUR042,TÜRKİYE,TURKEY,TUR042009
DERBENT,DERBENT,KONYA,KONYA,TUR042,TÜRKİYE,TURKEY,TUR042010
DEREBUCAK,DEREBUCAK,KONYA,KONYA,TUR042,TÜRKİYE,TURKEY,TUR042011
DOĞANHİSAR,DOGANHISAR,KONYA,KONYA,TUR042,TÜRKİYE,TURKEY,TUR042012
EMİRGAZİ,EMIRGAZI,KONYA,KONYA,TUR042,TÜRKİYE,TURKEY,TUR042013
EREĞLİ,EREGLI,KONYA,KONYA,TUR042,TÜRKİYE,TURKEY,TUR042014
GÜNEYSINIR,GUNEYSINIR,KONYA,KONYA,TUR042,TÜRKİYE,TURKEY,TUR042015
HADİM,HADIM,KONYA,KONYA,TUR042,TÜRKİYE,TURKEY,TUR042016
HALKAPINAR,HALKAPINAR,KONYA,KONYA,TUR042,TÜRKİYE,TURKEY,TUR042017
HÜYÜK,HUYUK,KONYA,KONYA,TUR042,TÜRKİYE,TURKEY,TUR042018
ILGIN,ILGIN,KONYA,KONYA,TUR042,TÜRKİYE,TURKEY,TUR042019
KADINHANI,KADINHANI,KONYA,KONYA,TUR042,TÜRKİYE,TURKEY,TUR042020
KARAPINAR,KARAPINAR,KONYA,KONYA,TUR042,TÜRKİYE,TURKEY,TUR042021
KARATAY,KARATAY,KONYA,KONYA,TUR042,TÜRKİYE,TURKEY,TUR042022
KULU,KULU,KONYA,KONYA,TUR042,TÜRKİYE,TURKEY,TUR042023
MERAM,MERAM,KONYA,KONYA,TUR042,TÜRKİYE,TURKEY,TUR042024
SARAYÖNÜ,SARAYONU,KONYA,KONYA,TUR042,TÜRKİYE,TURKEY,TUR042025
SELÇUKLU,SELCUKLU,KONYA,KONYA,TUR042,TÜRKİYE,TURKEY,TUR042026
SEYDİŞEHİR,SEYDISEHIR,KONYA,KONYA,TUR042,TÜRKİYE,TURKEY,TUR042027
TAŞKENT,TASKENT,KONYA,KONYA,TUR042,TÜRKİYE,TURKEY,TUR042028
TUZLUKÇU,TUZLUKCU,KONYA,KONYA,TUR042,TÜRKİYE,TURKEY,TUR042029
YALIHÜYÜK,YALIHUYUK,KONYA,KONYA,TUR042,TÜRKİYE,TURKEY,TUR042030
YUNAK,YUNAK,KONYA,KONYA,TUR042,TÜRKİYE,TURKEY,TUR042031
ALTINTAŞ,ALTINTAS,KÜTAHYA,KUTAHYA,TUR043,TÜRKİYE,TURKEY,TUR043001
ASLANAPA,ASLANAPA,KÜTAHYA,KUTAHYA,TUR043,TÜRKİYE,TURKEY,TUR043002
ÇAVDARHİSAR,CAVDARHISAR,KÜTAHYA,KUTAHYA,TUR043,TÜRKİYE,TURKEY,TUR043003
DOMANİÇ,DOMANIC,KÜTAHYA,KUTAHYA,TUR043,TÜRKİYE,TURKEY,TUR043004
DUMLUPINAR,DUMLUPINAR,KÜTAHYA,KUTAHYA,TUR043,TÜRKİYE,TURKEY,TUR043005
EMET,EMET,KÜTAHYA,KUTAHYA,TUR043,TÜRKİYE,TURKEY,TUR043006
GEDİZ,GEDIZ,KÜTAHYA,KUTAHYA,TUR043,TÜRKİYE,TURKEY,TUR043007
HİSARCIK,HISARCIK,KÜTAHYA,KUTAHYA,TUR043,TÜRKİYE,TURKEY,TUR043008
KÜTAHYA,KUTAHYA,KÜTAHYA,KUTAHYA,TUR043,TÜRKİYE,TURKEY,TUR043009
PAZARLAR,PAZARLAR,KÜTAHYA,KUTAHYA,TUR043,TÜRKİYE,TURKEY,TUR043010
ŞAPHANE,SAPHANE,KÜTAHYA,KUTAHYA,TUR043,TÜRKİYE,TURKEY,TUR043012
SİMAV,SIMAV,KÜTAHYA,KUTAHYA,TUR043,TÜRKİYE,TURKEY,TUR043011
TAVŞANLI,TAVSANLI,KÜTAHYA,KUTAHYA,TUR043,TÜRKİYE,TURKEY,TUR043013
AKÇADAĞ,AKCADAG,MALATYA,MALATYA,TUR044,TÜRKİYE,TURKEY,TUR044001
ARAPGİR,ARAPGIR,MALATYA,MALATYA,TUR044,TÜRKİYE,TURKEY,TUR044002
ARGUVAN,ARGUVAN,MALATYA,MALATYA,TUR044,TÜRKİYE,TURKEY,TUR044003
BATTALGAZİ,BATTALGAZI,MALATYA,MALATYA,TUR044,TÜRKİYE,TURKEY,TUR044004
DARENDE,DARENDE,MALATYA,MALATYA,TUR044,TÜRKİYE,TURKEY,TUR044005
DOĞANŞEHİR,DOGANSEHIR,MALATYA,MALATYA,TUR044,TÜRKİYE,TURKEY,TUR044006
DOĞANYOL,DOGANYOL,MALATYA,MALATYA,TUR044,TÜRKİYE,TURKEY,TUR044007
HEKİMHAN,HEKIMHAN,MALATYA,MALATYA,TUR044,TÜRKİYE,TURKEY,TUR044008
KALE,KALE,MALATYA,MALATYA,TUR044,TÜRKİYE,TURKEY,TUR044009
KULUNCAK,KULUNCAK,MALATYA,MALATYA,TUR044,TÜRKİYE,TURKEY,TUR044010
PÜTÜRGE,PUTURGE,MALATYA,MALATYA,TUR044,TÜRKİYE,TURKEY,TUR044011
YAZIHAN,YAZIHAN,MALATYA,MALATYA,TUR044,TÜRKİYE,TURKEY,TUR044012
YEŞİLYURT,YESILYURT,MALATYA,MALATYA,TUR044,TÜRKİYE,TURKEY,TUR044013
AHMETLİ,AHMETLI,MANİSA,MANISA,TUR045,TÜRKİYE,TURKEY,TUR045001
AKHİSAR,AKHISAR,MANİSA,MANISA,TUR045,TÜRKİYE,TURKEY,TUR045002
ALAŞEHİR,ALASEHIR,MANİSA,MANISA,TUR045,TÜRKİYE,TURKEY,TUR045003
DEMİRCİ,DEMIRCI,MANİSA,MANISA,TUR045,TÜRKİYE,TURKEY,TUR045004
GÖLMARMARA,GOLMARMARA,MANİSA,MANISA,TUR045,TÜRKİYE,TURKEY,TUR045005
GÖRDES,GORDES,MANİSA,MANISA,TUR045,TÜRKİYE,TURKEY,TUR045006
KIRKAĞAÇ,KIRKAGAC,MANİSA,MANISA,TUR045,TÜRKİYE,TURKEY,TUR045007
KÖPRÜBAŞI,KOPRUBASI,MANİSA,MANISA,TUR045,TÜRKİYE,TURKEY,TUR045008
KULA,KULA,MANİSA,MANISA,TUR045,TÜRKİYE,TURKEY,TUR045009
SALİHLİ,SALIHLI,MANİSA,MANISA,TUR045,TÜRKİYE,TURKEY,TUR045010
SARIGÖL,SARIGOL,MANİSA,MANISA,TUR045,TÜRKİYE,TURKEY,TUR045011
SARUHANLI,SARUHANLI,MANİSA,MANISA,TUR045,TÜRKİYE,TURKEY,TUR045012
ŞEHZADELER,SEHZADELER,MANİSA,MANISA,TUR045,TÜRKİYE,TURKEY,TUR045015
SELENDİ,SELENDI,MANİSA,MANISA,TUR045,TÜRKİYE,TURKEY,TUR045013
SOMA,SOMA,MANİSA,MANISA,TUR045,TÜRKİYE,TURKEY,TUR045014
TURGUTLU,TURGUTLU,MANİSA,MANISA,TUR045,TÜRKİYE,TURKEY,TUR045016
YUNUSEMRE,YUNUSEMRE,MANİSA,MANISA,TUR045,TÜRKİYE,TURKEY,TUR045017
ARTUKLU,ARTUKLU,MARDİN,MARDIN,TUR047,TÜRKİYE,TURKEY,TUR047001
DARGEÇİT,DARGECIT,MARDİN,MARDIN,TUR047,TÜRKİYE,TURKEY,TUR047002
DERİK,DERIK,MARDİN,MARDIN,TUR047,TÜRKİYE,TURKEY,TUR047003
KIZILTEPE,KIZILTEPE,MARDİN,MARDIN,TUR047,TÜRKİYE,TURKEY,TUR047004
MAZIDAĞI,MAZIDAGI,MARDİN,MARDIN,TUR047,TÜRKİYE,TURKEY,TUR047005
MİDYAT,MIDYAT,MARDİN,MARDIN,TUR047,TÜRKİYE,TURKEY,TUR047006
NUSAYBİN,NUSAYBIN,MARDİN,MARDIN,TUR047,TÜRKİYE,TURKEY,TUR047007
ÖMERLİ,OMERLI,MARDİN,MARDIN,TUR047,TÜRKİYE,TURKEY,TUR047008
SAVUR,SAVUR,MARDİN,MARDIN,TUR047,TÜRKİYE,TURKEY,TUR047009
YEŞİLLİ,YESILLI,MARDİN,MARDIN,TUR047,TÜRKİYE,TURKEY,TUR047010
AKDENİZ,AKDENIZ,MERSİN,MERSIN,TUR033,TÜRKİYE,TURKEY,TUR033001
ANAMUR,ANAMUR,MERSİN,MERSIN,TUR033,TÜRKİYE,TURKEY,TUR033002
AYDINCIK,AYDINCIK,MERSİN,MERSIN,TUR033,TÜRKİYE,TURKEY,TUR033003
BOZYAZI,BOZYAZI,MERSİN,MERSIN,TUR033,TÜRKİYE,TURKEY,TUR033004
ÇAMLIYAYLA,CAMLIYAYLA,MERSİN,MERSIN,TUR033,TÜRKİYE,TURKEY,TUR033005
ERDEMLİ,ERDEMLI,MERSİN,MERSIN,TUR033,TÜRKİYE,TURKEY,TUR033006
GÜLNAR,GULNAR,MERSİN,MERSIN,TUR033,TÜRKİYE,TURKEY,TUR033007
MEZİTLİ,MEZITLI,MERSİN,MERSIN,TUR033,TÜRKİYE,TURKEY,TUR033008
MUT,MUT,MERSİN,MERSIN,TUR033,TÜRKİYE,TURKEY,TUR033009
SİLİFKE,SILIFKE,MERSİN,MERSIN,TUR033,TÜRKİYE,TURKEY,TUR033010
TARSUS,TARSUS,MERSİN,MERSIN,TUR033,TÜRKİYE,TURKEY,TUR033011
TOROSLAR,TOROSLAR,MERSİN,MERSIN,TUR033,TÜRKİYE,TURKEY,TUR033012
YENİŞEHİR,YENISEHIR,MERSİN,MERSIN,TUR033,TÜRKİYE,TURKEY,TUR033013
BODRUM,BODRUM,MUĞLA,MUGLA,TUR048,TÜRKİYE,TURKEY,TUR048001
DALAMAN,DALAMAN,MUĞLA,MUGLA,TUR048,TÜRKİYE,TURKEY,TUR048002
DATÇA,DATCA,MUĞLA,MUGLA,TUR048,TÜRKİYE,TURKEY,TUR048003
FETHİYE,FETHIYE,MUĞLA,MUGLA,TUR048,TÜRKİYE,TURKEY,TUR048004
KAVAKLIDERE,KAVAKLIDERE,MUĞLA,MUGLA,TUR048,TÜRKİYE,TURKEY,TUR048005
KÖYCEĞİZ,KOYCEGIZ,MUĞLA,MUGLA,TUR048,TÜRKİYE,TURKEY,TUR048006
MARMARİS,MARMARIS,MUĞLA,MUGLA,TUR048,TÜRKİYE,TURKEY,TUR048007
MENTEŞE,MENTESE,MUĞLA,MUGLA,TUR048,TÜRKİYE,TURKEY,TUR048008
MİLAS,MILAS,MUĞLA,MUGLA,TUR048,TÜRKİYE,TURKEY,TUR048009
ORTACA,ORTACA,MUĞLA,MUGLA,TUR048,TÜRKİYE,TURKEY,TUR048010
SEYDİKEMER,SEYDIKEMER,MUĞLA,MUGLA,TUR048,TÜRKİYE,TURKEY,TUR048011
ULA,ULA,MUĞLA,MUGLA,TUR048,TÜRKİYE,TURKEY,TUR048012
YATAĞAN,YATAGAN,MUĞLA,MUGLA,TUR048,TÜRKİYE,TURKEY,TUR048013
BULANIK,BULANIK,MUŞ,MUS,TUR049,TÜRKİYE,TURKEY,TUR049001
HASKÖY,HASKOY,MUŞ,MUS,TUR049,TÜRKİYE,TURKEY,TUR049002
KORKUT,KORKUT,MUŞ,MUS,TUR049,TÜRKİYE,TURKEY,TUR049003
MALAZGİRT,MALAZGIRT,MUŞ,MUS,TUR049,TÜRKİYE,TURKEY,TUR049004
MUŞ,MUS,MUŞ,MUS,TUR049,TÜRKİYE,TURKEY,TUR049005
VARTO,VARTO,MUŞ,MUS,TUR049,TÜRKİYE,TURKEY,TUR049006
ACIGÖL,ACIGOL,NEVŞEHİR,NEVSEHIR,TUR050,TÜRKİYE,TURKEY,TUR050001
AVANOS,AVANOS,NEVŞEHİR,NEVSEHIR,TUR050,TÜRKİYE,TURKEY,TUR050002
DERİNKUYU,DERINKUYU,NEVŞEHİR,NEVSEHIR,TUR050,TÜRKİYE,TURKEY,TUR050003
GÜLŞEHİR,GULSEHIR,NEVŞEHİR,NEVSEHIR,TUR050,TÜRKİYE,TURKEY,TUR050004
HACIBEKTAŞ,HACIBEKTAS,NEVŞEHİR,NEVSEHIR,TUR050,TÜRKİYE,TURKEY,TUR050005
KOZAKLI,KOZAKLI,NEVŞEHİR,NEVSEHIR,TUR050,TÜRKİYE,TURKEY,TUR050006
NEVŞEHİR,NEVSEHIR,NEVŞEHİR,NEVSEHIR,TUR050,TÜRKİYE,TURKEY,TUR050007
ÜRGÜP,URGUP,NEVŞEHİR,NEVSEHIR,TUR050,TÜRKİYE,TURKEY,TUR050008
ALTUNHİSAR,ALTUNHISAR,NİĞDE,NIGDE,TUR051,TÜRKİYE,TURKEY,TUR051001
BOR,BOR,NİĞDE,NIGDE,TUR051,TÜRKİYE,TURKEY,TUR051002
ÇAMARDI,CAMARDI,NİĞDE,NIGDE,TUR051,TÜRKİYE,TURKEY,TUR051003
ÇİFTLİK,CIFTLIK,NİĞDE,NIGDE,TUR051,TÜRKİYE,TURKEY,TUR051004
NİĞDE,NIGDE,NİĞDE,NIGDE,TUR051,TÜRKİYE,TURKEY,TUR051005
ULUKIŞLA,ULUKISLA,NİĞDE,NIGDE,TUR051,TÜRKİYE,TURKEY,TUR051006
AKKUŞ,AKKUS,ORDU,ORDU,TUR052,TÜRKİYE,TURKEY,TUR052001
ALTINORDU,ALTINORDU,ORDU,ORDU,TUR052,TÜRKİYE,TURKEY,TUR052002
AYBASTI,AYBASTI,ORDU,ORDU,TUR052,TÜRKİYE,TURKEY,TUR052003
ÇAMAŞ,CAMAS,ORDU,ORDU,TUR052,TÜRKİYE,TURKEY,TUR052004
ÇATALPINAR,CATALPINAR,ORDU,ORDU,TUR052,TÜRKİYE,TURKEY,TUR052005
ÇAYBAŞI,CAYBASI,ORDU,ORDU,TUR052,TÜRKİYE,TURKEY,TUR052006
FATSA,FATSA,ORDU,ORDU,TUR052,TÜRKİYE,TURKEY,TUR052007
GÖLKÖY,GOLKOY,ORDU,ORDU,TUR052,TÜRKİYE,TURKEY,TUR052008
GÜLYALI,GULYALI,ORDU,ORDU,TUR052,TÜRKİYE,TURKEY,TUR052009
GÜRGENTEPE,GURGENTEPE,ORDU,ORDU,TUR052,TÜRKİYE,TURKEY,TUR052010
İKİZCE,IKIZCE,ORDU,ORDU,TUR052,TÜRKİYE,TURKEY,TUR052011
KABADÜZ,KABADUZ,ORDU,ORDU,TUR052,TÜRKİYE,TURKEY,TUR052012
KABATAŞ,KABATAS,ORDU,ORDU,TUR052,TÜRKİYE,TURKEY,TUR052013
KORGAN,KORGAN,ORDU,ORDU,TUR052,TÜRKİYE,TURKEY,TUR052014
KUMRU,KUMRU,ORDU,ORDU,TUR052,TÜRKİYE,TURKEY,TUR052015
MESUDİYE,MESUDIYE,ORDU,ORDU,TUR052,TÜRKİYE,TURKEY,TUR052016
PERŞEMBE,PERSEMBE,ORDU,ORDU,TUR052,TÜRKİYE,TURKEY,TUR052017
ULUBEY,ULUBEY,ORDU,ORDU,TUR052,TÜRKİYE,TURKEY,TUR052018
ÜNYE,UNYE,ORDU,ORDU,TUR052,TÜRKİYE,TURKEY,TUR052019
BAHÇE,BAHCE,OSMANİYE,OSMANIYE,TUR080,TÜRKİYE,TURKEY,TUR080001
DÜZİÇİ,DUZICI,OSMANİYE,OSMANIYE,TUR080,TÜRKİYE,TURKEY,TUR080002
HASANBEYLİ,HASANBEYLI,OSMANİYE,OSMANIYE,TUR080,TÜRKİYE,TURKEY,TUR080003
KADİRLİ,KADIRLI,OSMANİYE,OSMANIYE,TUR080,TÜRKİYE,TURKEY,TUR080004
OSMANİYE,OSMANIYE,OSMANİYE,OSMANIYE,TUR080,TÜRKİYE,TURKEY,TUR080005
SUMBAS,SUMBAS,OSMANİYE,OSMANIYE,TUR080,TÜRKİYE,TURKEY,TUR080006
TOPRAKKALE,TOPRAKKALE,OSMANİYE,OSMANIYE,TUR080,TÜRKİYE,TURKEY,TUR080007
ARDEŞEN,ARDESEN,RİZE,RIZE,TUR053,TÜRKİYE,TURKEY,TUR053001
ÇAMLIHEMŞİN,CAMLIHEMSIN,RİZE,RIZE,TUR053,TÜRKİYE,TURKEY,TUR053002
ÇAYELİ,CAYELI,RİZE,RIZE,TUR053,TÜRKİYE,TURKEY,TUR053003
DEREPAZARI,DEREPAZARI,RİZE,RIZE,TUR053,TÜRKİYE,TURKEY,TUR053004
FINDIKLI,FINDIKLI,RİZE,RIZE,TUR053,TÜRKİYE,TURKEY,TUR053005
GÜNEYSU,GUNEYSU,RİZE,RIZE,TUR053,TÜRKİYE,TURKEY,TUR053006
HEMŞİN,HEMSIN,RİZE,RIZE,TUR053,TÜRKİYE,TURKEY,TUR053007
İKİZDERE,IKIZDERE,RİZE,RIZE,TUR053,TÜRKİYE,TURKEY,TUR053008
İYİDERE,IYIDERE,RİZE,RIZE,TUR053,TÜRKİYE,TURKEY,TUR053009
KALKANDERE,KALKANDERE,RİZE,RIZE,TUR053,TÜRKİYE,TURKEY,TUR053010
PAZAR,PAZAR,RİZE,RIZE,TUR053,TÜRKİYE,TURKEY,TUR053011
RİZE,RIZE,RİZE,RIZE,TUR053,TÜRKİYE,TURKEY,TUR053012
ADAPAZARI,ADAPAZARI,SAKARYA,SAKARYA,TUR054,TÜRKİYE,TURKEY,TUR054001
AKYAZI,AKYAZI,SAKARYA,SAKARYA,TUR054,TÜRKİYE,TURKEY,TUR054002
ARİFİYE,ARIFIYE,SAKARYA,SAKARYA,TUR054,TÜRKİYE,TURKEY,TUR054003
ERENLER,ERENLER,SAKARYA,SAKARYA,TUR054,TÜRKİYE,TURKEY,TUR054004
FERİZLİ,FERIZLI,SAKARYA,SAKARYA,TUR054,TÜRKİYE,TURKEY,TUR054005
GEYVE,GEYVE,SAKARYA,SAKARYA,TUR054,TÜRKİYE,TURKEY,TUR054006
HENDEK,HENDEK,SAKARYA,SAKARYA,TUR054,TÜRKİYE,TURKEY,TUR054007
KARAPÜRÇEK,KARAPURCEK,SAKARYA,SAKARYA,TUR054,TÜRKİYE,TURKEY,TUR054008
KARASU,KARASU,SAKARYA,SAKARYA,TUR054,TÜRKİYE,TURKEY,TUR054009
KAYNARCA,KAYNARCA,SAKARYA,SAKARYA,TUR054,TÜRKİYE,TURKEY,TUR054010
KOCAALİ,KOCAALI,SAKARYA,SAKARYA,TUR054,TÜRKİYE,TURKEY,TUR054011
PAMUKOVA,PAMUKOVA,SAKARYA,SAKARYA,TUR054,TÜRKİYE,TURKEY,TUR054012
SAPANCA,SAPANCA,SAKARYA,SAKARYA,TUR054,TÜRKİYE,TURKEY,TUR054013
SERDİVAN,SERDIVAN,SAKARYA,SAKARYA,TUR054,TÜRKİYE,TURKEY,TUR054014
SÖĞÜTLÜ,SOGUTLU,SAKARYA,SAKARYA,TUR054,TÜRKİYE,TURKEY,TUR054015
TARAKLI,TARAKLI,SAKARYA,SAKARYA,TUR054,TÜRKİYE,TURKEY,TUR054016
19 MAYIS,19 MAYIS,SAMSUN,SAMSUN,TUR055,TÜRKİYE,TURKEY,TUR055001
ALAÇAM,ALACAM,SAMSUN,SAMSUN,TUR055,TÜRKİYE,TURKEY,TUR055002
ASARCIK,ASARCIK,SAMSUN,SAMSUN,TUR055,TÜRKİYE,TURKEY,TUR055003
ATAKUM,ATAKUM,SAMSUN,SAMSUN,TUR055,TÜRKİYE,TURKEY,TUR055004
AYVACIK,AYVACIK,SAMSUN,SAMSUN,TUR055,TÜRKİYE,TURKEY,TUR055005
BAFRA,BAFRA,SAMSUN,SAMSUN,TUR055,TÜRKİYE,TURKEY,TUR055006
CANİK,CANIK,SAMSUN,SAMSUN,TUR055,TÜRKİYE,TURKEY,TUR055007
ÇARŞAMBA,CARSAMBA,SAMSUN,SAMSUN,TUR055,TÜRKİYE,TURKEY,TUR055008
HAVZA,HAVZA,SAMSUN,SAMSUN,TUR055,TÜRKİYE,TURKEY,TUR055009
İLKADIM,ILKADIM,SAMSUN,SAMSUN,TUR055,TÜRKİYE,TURKEY,TUR055010
KAVAK,KAVAK,SAMSUN,SAMSUN,TUR055,TÜRKİYE,TURKEY,TUR055011
LADİK,LADIK,SAMSUN,SAMSUN,TUR055,TÜRKİYE,TURKEY,TUR055012
SALIPAZARI,SALIPAZARI,SAMSUN,SAMSUN,TUR055,TÜRKİYE,TURKEY,TUR055013
TEKKEKÖY,TEKKEKOY,SAMSUN,SAMSUN,TUR055,TÜRKİYE,TURKEY,TUR055014
TERME,TERME,SAMSUN,SAMSUN,TUR055,TÜRKİYE,TURKEY,TUR055015
VEZİRKÖPRÜ,VEZIRKOPRU,SAMSUN,SAMSUN,TUR055,TÜRKİYE,TURKEY,TUR055016
YAKAKENT,YAKAKENT,SAMSUN,SAMSUN,TUR055,TÜRKİYE,TURKEY,TUR055017
AKÇAKALE,AKCAKALE,ŞANLIURFA,SANLIURFA,TUR063,TÜRKİYE,TURKEY,TUR063001
BİRECİK,BIRECIK,ŞANLIURFA,SANLIURFA,TUR063,TÜRKİYE,TURKEY,TUR063002
BOZOVA,BOZOVA,ŞANLIURFA,SANLIURFA,TUR063,TÜRKİYE,TURKEY,TUR063003
CEYLANPINAR,CEYLANPINAR,ŞANLIURFA,SANLIURFA,TUR063,TÜRKİYE,TURKEY,TUR063004
EYYÜBİYE,EYYUBIYE,ŞANLIURFA,SANLIURFA,TUR063,TÜRKİYE,TURKEY,TUR063005
HALFETİ,HALFETI,ŞANLIURFA,SANLIURFA,TUR063,TÜRKİYE,TURKEY,TUR063006
HALİLİYE,HALILIYE,ŞANLIURFA,SANLIURFA,TUR063,TÜRKİYE,TURKEY,TUR063007
HARRAN,HARRAN,ŞANLIURFA,SANLIURFA,TUR063,TÜRKİYE,TURKEY,TUR063008
HİLVAN,HILVAN,ŞANLIURFA,SANLIURFA,TUR063,TÜRKİYE,TURKEY,TUR063009
KARAKÖPRÜ,KARAKOPRU,ŞANLIURFA,SANLIURFA,TUR063,TÜRKİYE,TURKEY,TUR063010
SİVEREK,SIVEREK,ŞANLIURFA,SANLIURFA,TUR063,TÜRKİYE,TURKEY,TUR063011
SURUÇ,SURUC,ŞANLIURFA,SANLIURFA,TUR063,TÜRKİYE,TURKEY,TUR063012
VİRANŞEHİR,VIRANSEHIR,ŞANLIURFA,SANLIURFA,TUR063,TÜRKİYE,TURKEY,TUR063013
BAYKAN,BAYKAN,SİİRT,SIIRT,TUR056,TÜRKİYE,TURKEY,TUR056001
ERUH,ERUH,SİİRT,SIIRT,TUR056,TÜRKİYE,TURKEY,TUR056002
KURTALAN,KURTALAN,SİİRT,SIIRT,TUR056,TÜRKİYE,TURKEY,TUR056003
PERVARİ,PERVARI,SİİRT,SIIRT,TUR056,TÜRKİYE,TURKEY,TUR056004
SİİRT,SIIRT,SİİRT,SIIRT,TUR056,TÜRKİYE,TURKEY,TUR056005
ŞİRVAN,SIRVAN,SİİRT,SIIRT,TUR056,TÜRKİYE,TURKEY,TUR056006
TİLLO,TILLO,SİİRT,SIIRT,TUR056,TÜRKİYE,TURKEY,TUR056007
AYANCIK,AYANCIK,SİNOP,SINOP,TUR057,TÜRKİYE,TURKEY,TUR057001
BOYABAT,BOYABAT,SİNOP,SINOP,TUR057,TÜRKİYE,TURKEY,TUR057002
DİKMEN,DIKMEN,SİNOP,SINOP,TUR057,TÜRKİYE,TURKEY,TUR057003
DURAĞAN,DURAGAN,SİNOP,SINOP,TUR057,TÜRKİYE,TURKEY,TUR057004
ERFELEK,ERFELEK,SİNOP,SINOP,TUR057,TÜRKİYE,TURKEY,TUR057005
GERZE,GERZE,SİNOP,SINOP,TUR057,TÜRKİYE,TURKEY,TUR057006
SARAYDÜZÜ,SARAYDUZU,SİNOP,SINOP,TUR057,TÜRKİYE,TURKEY,TUR057007
SİNOP,SINOP,SİNOP,SINOP,TUR057,TÜRKİYE,TURKEY,TUR057008
TÜRKELİ,TURKELI,SİNOP,SINOP,TUR057,TÜRKİYE,TURKEY,TUR057009
BEYTÜŞŞEBAP,BEYTUSSEBAP,ŞIRNAK,SIRNAK,TUR073,TÜRKİYE,TURKEY,TUR073001
CİZRE,CIZRE,ŞIRNAK,SIRNAK,TUR073,TÜRKİYE,TURKEY,TUR073002
GÜÇLÜKONAK,GUCLUKONAK,ŞIRNAK,SIRNAK,TUR073,TÜRKİYE,TURKEY,TUR073003
İDİL,IDIL,ŞIRNAK,SIRNAK,TUR073,TÜRKİYE,TURKEY,TUR073004
SİLOPİ,SILOPI,ŞIRNAK,SIRNAK,TUR073,TÜRKİYE,TURKEY,TUR073005
ŞIRNAK,SIRNAK,ŞIRNAK,SIRNAK,TUR073,TÜRKİYE,TURKEY,TUR073006
ULUDERE,ULUDERE,ŞIRNAK,SIRNAK,TUR073,TÜRKİYE,TURKEY,TUR073007
AKINCILAR,AKINCILAR,SİVAS,SIVAS,TUR058,TÜRKİYE,TURKEY,TUR058001
ALTINYAYLA,ALTINYAYLA,SİVAS,SIVAS,TUR058,TÜRKİYE,TURKEY,TUR058002
DİVRİĞİ,DIVRIGI,SİVAS,SIVAS,TUR058,TÜRKİYE,TURKEY,TUR058003
DOĞANŞAR,DOGANSAR,SİVAS,SIVAS,TUR058,TÜRKİYE,TURKEY,TUR058004
GEMEREK,GEMEREK,SİVAS,SIVAS,TUR058,TÜRKİYE,TURKEY,TUR058005
GÖLOVA,GOLOVA,SİVAS,SIVAS,TUR058,TÜRKİYE,TURKEY,TUR058006
GÜRÜN,GURUN,SİVAS,SIVAS,TUR058,TÜRKİYE,TURKEY,TUR058007
HAFİK,HAFIK,SİVAS,SIVAS,TUR058,TÜRKİYE,TURKEY,TUR058008
İMRANLI,IMRANLI,SİVAS,SIVAS,TUR058,TÜRKİYE,TURKEY,TUR058009
KANGAL,KANGAL,SİVAS,SIVAS,TUR058,TÜRKİYE,TURKEY,TUR058010
KOYULHİSAR,KOYULHISAR,SİVAS,SIVAS,TUR058,TÜRKİYE,TURKEY,TUR058011
ŞARKIŞLA,SARKISLA,SİVAS,SIVAS,TUR058,TÜRKİYE,TURKEY,TUR058014
SİVAS,SIVAS,SİVAS,SIVAS,TUR058,TÜRKİYE,TURKEY,TUR058012
SUŞEHRİ,SUSEHRI,SİVAS,SIVAS,TUR058,TÜRKİYE,TURKEY,TUR058013
ULAŞ,ULAS,SİVAS,SIVAS,TUR058,TÜRKİYE,TURKEY,TUR058015
YILDIZELİ,YILDIZELI,SİVAS,SIVAS,TUR058,TÜRKİYE,TURKEY,TUR058016
ZARA,ZARA,SİVAS,SIVAS,TUR058,TÜRKİYE,TURKEY,TUR058017
ÇERKEZKÖY,CERKEZKOY,TEKİRDAĞ,TEKIRDAG,TUR059,TÜRKİYE,TURKEY,TUR059001
ÇORLU,CORLU,TEKİRDAĞ,TEKIRDAG,TUR059,TÜRKİYE,TURKEY,TUR059002
ERGENE,ERGENE,TEKİRDAĞ,TEKIRDAG,TUR059,TÜRKİYE,TURKEY,TUR059003
HAYRABOLU,HAYRABOLU,TEKİRDAĞ,TEKIRDAG,TUR059,TÜRKİYE,TURKEY,TUR059004
KAPAKLI,KAPAKLI,TEKİRDAĞ,TEKIRDAG,TUR059,TÜRKİYE,TURKEY,TUR059005
MALKARA,MALKARA,TEKİRDAĞ,TEKIRDAG,TUR059,TÜRKİYE,TURKEY,TUR059006
MARMARAEREĞLİSİ,MARMARAEREGLISI,TEKİRDAĞ,TEKIRDAG,TUR059,TÜRKİYE,TURKEY,TUR059007
MURATLI,MURATLI,TEKİRDAĞ,TEKIRDAG,TUR059,TÜRKİYE,TURKEY,TUR059008
SARAY,SARAY,TEKİRDAĞ,TEKIRDAG,TUR059,TÜRKİYE,TURKEY,TUR059009
ŞARKÖY,SARKOY,TEKİRDAĞ,TEKIRDAG,TUR059,TÜRKİYE,TURKEY,TUR059011
SÜLEYMANPAŞA,SULEYMANPASA,TEKİRDAĞ,TEKIRDAG,TUR059,TÜRKİYE,TURKEY,TUR059010
ALMUS,ALMUS,TOKAT,TOKAT,TUR060,TÜRKİYE,TURKEY,TUR060001
ARTOVA,ARTOVA,TOKAT,TOKAT,TUR060,TÜRKİYE,TURKEY,TUR060002
BAŞÇİFTLİK,BASCIFTLIK,TOKAT,TOKAT,TUR060,TÜRKİYE,TURKEY,TUR060003
ERBAA,ERBAA,TOKAT,TOKAT,TUR060,TÜRKİYE,TURKEY,TUR060004
NİKSAR,NIKSAR,TOKAT,TOKAT,TUR060,TÜRKİYE,TURKEY,TUR060005
PAZAR,PAZAR,TOKAT,TOKAT,TUR060,TÜRKİYE,TURKEY,TUR060006
REŞADİYE,RESADIYE,TOKAT,TOKAT,TUR060,TÜRKİYE,TURKEY,TUR060007
SULUSARAY,SULUSARAY,TOKAT,TOKAT,TUR060,TÜRKİYE,TURKEY,TUR060008
TOKAT,TOKAT,TOKAT,TOKAT,TUR060,TÜRKİYE,TURKEY,TUR060009
TURHAL,TURHAL,TOKAT,TOKAT,TUR060,TÜRKİYE,TURKEY,TUR060010
YEŞİLYURT,YESILYURT,TOKAT,TOKAT,TUR060,TÜRKİYE,TURKEY,TUR060011
ZİLE,ZILE,TOKAT,TOKAT,TUR060,TÜRKİYE,TURKEY,TUR060012
AKÇAABAT,AKCAABAT,TRABZON,TRABZON,TUR061,TÜRKİYE,TURKEY,TUR061001
ARAKLI,ARAKLI,TRABZON,TRABZON,TUR061,TÜRKİYE,TURKEY,TUR061002
ARSİN,ARSIN,TRABZON,TRABZON,TUR061,TÜRKİYE,TURKEY,TUR061003
BEŞİKDÜZÜ,BESIKDUZU,TRABZON,TRABZON,TUR061,TÜRKİYE,TURKEY,TUR061004
ÇARŞIBAŞI,CARSIBASI,TRABZON,TRABZON,TUR061,TÜRKİYE,TURKEY,TUR061005
ÇAYKARA,CAYKARA,TRABZON,TRABZON,TUR061,TÜRKİYE,TURKEY,TUR061006
DERNEKPAZARI,DERNEKPAZARI,TRABZON,TRABZON,TUR061,TÜRKİYE,TURKEY,TUR061007
DÜZKÖY,DUZKOY,TRABZON,TRABZON,TUR061,TÜRKİYE,TURKEY,TUR061008
HAYRAT,HAYRAT,TRABZON,TRABZON,TUR061,TÜRKİYE,TURKEY,TUR061009
KÖPRÜBAŞI,KOPRUBASI,TRABZON,TRABZON,TUR061,TÜRKİYE,TURKEY,TUR061010
MAÇKA,MACKA,TRABZON,TRABZON,TUR061,TÜRKİYE,TURKEY,TUR061011
OF,OF,TRABZON,TRABZON,TUR061,TÜRKİYE,TURKEY,TUR061012
ORTAHİSAR,ORTAHISAR,TRABZON,TRABZON,TUR061,TÜRKİYE,TURKEY,TUR061013
ŞALPAZARI,SALPAZARI,TRABZON,TRABZON,TUR061,TÜRKİYE,TURKEY,TUR061015
SÜRMENE,SURMENE,TRABZON,TRABZON,TUR061,TÜRKİYE,TURKEY,TUR061014
TONYA,TONYA,TRABZON,TRABZON,TUR061,TÜRKİYE,TURKEY,TUR061016
VAKFIKEBİR,VAKFIKEBIR,TRABZON,TRABZON,TUR061,TÜRKİYE,TURKEY,TUR061017
YOMRA,YOMRA,TRABZON,TRABZON,TUR061,TÜRKİYE,TURKEY,TUR061018
ÇEMİŞGEZEK,CEMISGEZEK,TUNCELİ,TUNCELI,TUR062,TÜRKİYE,TURKEY,TUR062001
HOZAT,HOZAT,TUNCELİ,TUNCELI,TUR062,TÜRKİYE,TURKEY,TUR062002
MAZGİRT,MAZGIRT,TUNCELİ,TUNCELI,TUR062,TÜRKİYE,TURKEY,TUR062003
NAZIMİYE,NAZIMIYE,TUNCELİ,TUNCELI,TUR062,TÜRKİYE,TURKEY,TUR062004
OVACIK,OVACIK,TUNCELİ,TUNCELI,TUR062,TÜRKİYE,TURKEY,TUR062005
PERTEK,PERTEK,TUNCELİ,TUNCELI,TUR062,TÜRKİYE,TURKEY,TUR062006
PÜLÜMÜR,PULUMUR,TUNCELİ,TUNCELI,TUR062,TÜRKİYE,TURKEY,TUR062007
TUNCELİ,TUNCELI,TUNCELİ,TUNCELI,TUR062,TÜRKİYE,TURKEY,TUR062008
BANAZ,BANAZ,UŞAK,USAK,TUR064,TÜRKİYE,TURKEY,TUR064001
EŞME,ESME,UŞAK,USAK,TUR064,TÜRKİYE,TURKEY,TUR064002
KARAHALLI,KARAHALLI,UŞAK,USAK,TUR064,TÜRKİYE,TURKEY,TUR064003
SİVASLI,SIVASLI,UŞAK,USAK,TUR064,TÜRKİYE,TURKEY,TUR064004
ULUBEY,ULUBEY,UŞAK,USAK,TUR064,TÜRKİYE,TURKEY,TUR064005
UŞAK,USAK,UŞAK,USAK,TUR064,TÜRKİYE,TURKEY,TUR064006
BAHÇESARAY,BAHCESARAY,VAN,VAN,TUR065,TÜRKİYE,TURKEY,TUR065001
BAŞKALE,BASKALE,VAN,VAN,TUR065,TÜRKİYE,TURKEY,TUR065002
ÇALDIRAN,CALDIRAN,VAN,VAN,TUR065,TÜRKİYE,TURKEY,TUR065003
ÇATAK,CATAK,VAN,VAN,TUR065,TÜRKİYE,TURKEY,TUR065004
EDREMİT,EDREMIT,VAN,VAN,TUR065,TÜRKİYE,TURKEY,TUR065005
ERCİŞ,ERCIS,VAN,VAN,TUR065,TÜRKİYE,TURKEY,TUR065006
GEVAŞ,GEVAS,VAN,VAN,TUR065,TÜRKİYE,TURKEY,TUR065007
GÜRPINAR,GURPINAR,VAN,VAN,TUR065,TÜRKİYE,TURKEY,TUR065008
İPEKYOLU,IPEKYOLU,VAN,VAN,TUR065,TÜRKİYE,TURKEY,TUR065009
MURADİYE,MURADIYE,VAN,VAN,TUR065,TÜRKİYE,TURKEY,TUR065010
ÖZALP,OZALP,VAN,VAN,TUR065,TÜRKİYE,TURKEY,TUR065011
SARAY,SARAY,VAN,VAN,TUR065,TÜRKİYE,TURKEY,TUR065012
TUŞBA,TUSBA,VAN,VAN,TUR065,TÜRKİYE,TURKEY,TUR065013
ALTINOVA,ALTINOVA,YALOVA,YALOVA,TUR077,TÜRKİYE,TURKEY,TUR077001
ARMUTLU,ARMUTLU,YALOVA,YALOVA,TUR077,TÜRKİYE,TURKEY,TUR077002
ÇİFTLİKKÖY,CIFTLIKKOY,YALOVA,YALOVA,TUR077,TÜRKİYE,TURKEY,TUR077003
ÇINARCIK,CINARCIK,YALOVA,YALOVA,TUR077,TÜRKİYE,TURKEY,TUR077004
TERMAL,TERMAL,YALOVA,YALOVA,TUR077,TÜRKİYE,TURKEY,TUR077005
YALOVA,YALOVA,YALOVA,YALOVA,TUR077,TÜRKİYE,TURKEY,TUR077006
AKDAĞMADENİ,AKDAGMADENI,YOZGAT,YOZGAT,TUR066,TÜRKİYE,TURKEY,TUR066001
AYDINCIK,AYDINCIK,YOZGAT,YOZGAT,TUR066,TÜRKİYE,TURKEY,TUR066002
BOĞAZLIYAN,BOGAZLIYAN,YOZGAT,YOZGAT,TUR066,TÜRKİYE,TURKEY,TUR066003
ÇANDIR,CANDIR,YOZGAT,YOZGAT,TUR066,TÜRKİYE,TURKEY,TUR066004
ÇAYIRALAN,CAYIRALAN,YOZGAT,YOZGAT,TUR066,TÜRKİYE,TURKEY,TUR066005
ÇEKEREK,CEKEREK,YOZGAT,YOZGAT,TUR066,TÜRKİYE,TURKEY,TUR066006
KADIŞEHRİ,KADISEHRI,YOZGAT,YOZGAT,TUR066,TÜRKİYE,TURKEY,TUR066007
SARAYKENT,SARAYKENT,YOZGAT,YOZGAT,TUR066,TÜRKİYE,TURKEY,TUR066008
SARIKAYA,SARIKAYA,YOZGAT,YOZGAT,TUR066,TÜRKİYE,TURKEY,TUR066009
ŞEFAATLİ,SEFAATLI,YOZGAT,YOZGAT,TUR066,TÜRKİYE,TURKEY,TUR066011
SORGUN,SORGUN,YOZGAT,YOZGAT,TUR066,TÜRKİYE,TURKEY,TUR066010
YENİFAKILI,YENIFAKILI,YOZGAT,YOZGAT,TUR066,TÜRKİYE,TURKEY,TUR066012
YERKÖY,YERKOY,YOZGAT,YOZGAT,TUR066,TÜRKİYE,TURKEY,TUR066013
YOZGAT,YOZGAT,YOZGAT,YOZGAT,TUR066,TÜRKİYE,TURKEY,TUR066014
ALAPLI,ALAPLI,ZONGULDAK,ZONGULDAK,TUR067,TÜRKİYE,TURKEY,TUR067001
ÇAYCUMA,CAYCUMA,ZONGULDAK,ZONGULDAK,TUR067,TÜRKİYE,TURKEY,TUR067002
DEVREK,DEVREK,ZONGULDAK,ZONGULDAK,TUR067,TÜRKİYE,TURKEY,TUR067003
EREĞLİ,EREGLI,ZONGULDAK,ZONGULDAK,TUR067,TÜRKİYE,TURKEY,TUR067004
GÖKÇEBEY,GOKCEBEY,ZONGULDAK,ZONGULDAK,TUR067,TÜRKİYE,TURKEY,TUR067005
KİLİMLİ,KILIMLI,ZONGULDAK,ZONGULDAK,TUR067,TÜRKİYE,TURKEY,TUR067006
KOZLU,KOZLU,ZONGULDAK,ZONGULDAK,TUR067,TÜRKİYE,TURKEY,TUR067007
ZONGULDAK,ZONGULDAK,ZONGULDAK,ZONGULDAK,TUR067,TÜRKİYE,TURKEY,TUR067008
DERECİK,DERECIK,HAKKARİ,HAKKARI,TUR030,TÜRKİYE,TURKEY,TUR030005
