admin2Name_fr,admin2Pcode,admin2RefName,admin2Name_MAJ,admin2AltName1_fr,admin2AltName2_fr,admin1Name_fr,admin1Pcode,admin0Name_fr,admin0Pcode,date,validOn,ValidTo
Batha Ouest,TD0101,Batha Ouest,BATHA OUEST,,,Batha,TD01,Tchad,TD,2016-04-07,2017-06-15,
Batha Est,TD0102,Batha Est,BATHA EST,,,Batha,TD01,Tchad,TD,2016-04-07,2017-06-15,
Fitri,TD0103,Fitri,FITRI,,,Batha,TD01,Tchad,TD,2016-04-07,2017-06-15,
Borkou,TD0201,Borkou,BORKOU,,,Borkou,TD02,Tchad,TD,2016-04-07,2017-06-15,
Baguirmi,TD0301,Baguirmi,BAGUIRMI,,,Chari-Baguirmi,TD03,Tchad,TD,2016-04-07,2017-06-15,
Chari,TD0302,Chari,CHARI,,,Chari-Baguirmi,TD03,Tchad,TD,2016-04-07,2017-06-15,
Loug-Chari,TD0303,Loug-Chari,LOUG-CHARI,,,Chari-Baguirmi,TD03,Tchad,TD,2016-04-07,2017-06-15,
Guéra,TD0401,Guera,GUERA,,,Guéra,TD04,Tchad,TD,2016-04-07,2017-06-15,
Abtouyour,TD0402,Abtouyour,ABTOUYOUR,,,Guéra,TD04,Tchad,TD,2016-04-07,2017-06-15,
Barh-Signaka,TD0403,Barh-Signaka,BARH-SIGNAKA,,,Guéra,TD04,Tchad,TD,2016-04-07,2017-06-15,
Mangalmé,TD0404,Mangalme,MANGALME,,,Guéra,TD04,Tchad,TD,2016-04-07,2017-06-15,
Dagana,TD0501,Dagana,DAGANA,,,Hadjer-Lamis,TD05,Tchad,TD,2016-04-07,2017-06-15,
Dababa,TD0502,Dababa,DABABA,,,Hadjer-Lamis,TD05,Tchad,TD,2016-04-07,2017-06-15,
Haraze-Al-Biar,TD0503,Haraze-Al-Biar,HARAZE-AL-BIAR,,,Hadjer-Lamis,TD05,Tchad,TD,2016-04-07,2017-06-15,
Kanem,TD0601,Kanem,KANEM,,,Kanem,TD06,Tchad,TD,2016-04-07,2017-06-15,
Nord Kanem,TD0602,Nord Kanem,NORD KANEM,,,Kanem,TD06,Tchad,TD,2016-04-07,2017-06-15,
Wadi Bissam,TD0603,Wadi-Bissam,WADI-BISSAM,,,Kanem,TD06,Tchad,TD,2016-04-07,2017-06-15,
Mamdi,TD0701,Mamdi,MAMDI,,,Lac,TD07,Tchad,TD,2016-04-07,2017-06-15,
Wayi,TD0702,Wayi,WAYI,,,Lac,TD07,Tchad,TD,2016-04-07,2017-06-15,
Lac Wey,TD0801,Lac Wey,LAC WEY,,,Logone Occidental,TD08,Tchad,TD,2016-04-07,2017-06-15,
Dodjé,TD0802,Dodje,DODJE,,,Logone Occidental,TD08,Tchad,TD,2016-04-07,2017-06-15,
Guéni,TD0803,Gueni,GUENI,,,Logone Occidental,TD08,Tchad,TD,2016-04-07,2017-06-15,
Ngourkosso,TD0804,Ngourkosso,NGOURKOSSO,,,Logone Occidental,TD08,Tchad,TD,2016-04-07,2017-06-15,
La Pendé,TD0901,La Pende,LA PENDE,,,Logone Oriental,TD09,Tchad,TD,2016-04-07,2017-06-15,
Kouh Est,TD0902,Kouh Est,KOUH EST,,,Logone Oriental,TD09,Tchad,TD,2016-04-07,2017-06-15,
Kouh Ouest,TD0903,Kouh Ouest,KOUH OUEST,,,Logone Oriental,TD09,Tchad,TD,2016-04-07,2017-06-15,
La Nya,TD0904,La Nya,LA NYA,,,Logone Oriental,TD09,Tchad,TD,2016-04-07,2017-06-15,
La Nya Pendé,TD0905,La Nya Pende,LA NYA PENDE,,,Logone Oriental,TD09,Tchad,TD,2016-04-07,2017-06-15,
Monts de Lam,TD0906,Monts de Lam,MONTS DE LAM,,,Logone Oriental,TD09,Tchad,TD,2016-04-07,2017-06-15,
Mandoul Oriental,TD1001,Mandoul Oriental,MANDOUL ORIENTAL,,,Mandoul,TD10,Tchad,TD,2016-04-07,2017-06-15,
Barh-Sara,TD1002,Barh-Sara,BARH-SARA,,,Mandoul,TD10,Tchad,TD,2016-04-07,2017-06-15,
Mandoul Occidental,TD1003,Mandoul Occidental,MANDOUL OCCIDENTAL,,,Mandoul,TD10,Tchad,TD,2016-04-07,2017-06-15,
Mayo-Boneye,TD1101,Mayo-Boneye,MAYO-BONEYE,,,Mayo-Kebbi Est,TD11,Tchad,TD,2016-04-07,2017-06-15,
Kabbia,TD1102,Kabbia,KABBIA,,,Mayo-Kebbi Est,TD11,Tchad,TD,2016-04-07,2017-06-15,
Mayo-Lemié,TD1103,Mayo-Lemie,MAYO-LEMIE,,,Mayo-Kebbi Est,TD11,Tchad,TD,2016-04-07,2017-06-15,
Mont Illi,TD1104,Mont Illi,MONT ILLI,,,Mayo-Kebbi Est,TD11,Tchad,TD,2016-04-07,2017-06-15,
Lac Léré,TD1202,Lac Lere,LAC LERE,,,Mayo-Kebbi Ouest,TD12,Tchad,TD,2016-04-07,2017-06-15,
Mayo-Binder,TD1203,Mayo-Binder,MAYO-BINDER,,,Mayo-Kebbi Ouest,TD12,Tchad,TD,2016-04-07,2017-06-15,
Grande Sido,TD1302,Grande Sido,GRANDE SIDO,,,Moyen-Chari,TD13,Tchad,TD,2016-04-07,2017-06-15,
Lac Iro,TD1303,Lac Iro,LAC IRO,,,Moyen-Chari,TD13,Tchad,TD,2016-04-07,2017-06-15,
Ouara,TD1401,Ouara,OUARA,,,Ouaddaï,TD14,Tchad,TD,2016-04-07,2017-06-15,
Abdi,TD1402,Abdi,ABDI,,,Ouaddaï,TD14,Tchad,TD,2016-04-07,2017-06-15,
Assoungha,TD1403,Assoungha,ASSOUNGHA,,,Ouaddaï,TD14,Tchad,TD,2016-04-07,2017-06-15,
Bahr-Azoum,TD1501,Bahr-Azoum,BAHR-AZOUM,,,Salamat,TD15,Tchad,TD,2016-04-07,2017-06-15,
Aboudéia,TD1502,Aboudeia,ABOUDEIA,,,Salamat,TD15,Tchad,TD,2016-04-07,2017-06-15,
Haraze-Mangueigne,TD1503,Haraze-Mangueigne,HARAZE-MANGUEIGNE,,,Salamat,TD15,Tchad,TD,2016-04-07,2017-06-15,
Tandjilé Est,TD1601,Tandjile Est,TANDJILE EST,,,Tandjilé,TD16,Tchad,TD,2016-04-07,2017-06-15,
Biltine,TD1701,Biltine,BILTINE,,,Wadi Fira,TD17,Tchad,TD,2016-04-07,2017-06-15,
Dar-Tama,TD1702,Dar-Tama,DAR-TAMA,,,Wadi Fira,TD17,Tchad,TD,2016-04-07,2017-06-15,
Kobé,TD1703,Kobe,KOBE,,,Wadi Fira,TD17,Tchad,TD,2016-04-07,2017-06-15,
N'Djaména,TD1801,NDjamena,N'DJAMENA,,,N'Djamena,TD18,Tchad,TD,2016-04-07,2017-06-15,
Barh-El-Gazel Sud,TD1901,Barh-El-Gazel Sud,BARH-EL-GAZEL SUD,,,Barh-El-Gazel,TD19,Tchad,TD,2016-04-07,2017-06-15,
Barh-El-Gazel Ouest,TD1903,Barh-El-Gazel Ouest,BARH-EL-GAZEL OUEST,,,Barh-El-Gazel,TD19,Tchad,TD,2016-04-07,2017-06-15,
Am-Djarass,TD2001,Am-Djarass,AM-DJARASS,,,Ennedi Est,TD20,Tchad,TD,2016-04-07,2017-06-15,
Wadi Hawar,TD2002,Wadi Hawar,WADI HAWAR,,,Ennedi Est,TD20,Tchad,TD,2016-04-07,2017-06-15,
Kimiti,TD2101,Kimiti,KIMITI,,,Sila,TD21,Tchad,TD,2016-04-07,2017-06-15,
Djourf Al Ahmar,TD2102,Djourf Al Ahmar,DJOURF AL AHMAR,,,Sila,TD21,Tchad,TD,2016-04-07,2017-06-15,
Tibesti Est,TD2201,Tibesti Est,TIBESTI EST,,,Tibesti,TD22,Tchad,TD,2016-04-07,2017-06-15,
Tibesti Ouest,TD2202,Tibesti Ouest,TIBESTI OUEST,,,Tibesti,TD22,Tchad,TD,2016-04-07,2017-06-15,
Fada,TD2301,Fada,FADA,,,Ennedi Ouest,TD23,Tchad,TD,2016-04-07,2017-06-15,
Mourtcha,TD2303,Mourtcha,MOURTCHA,,,Ennedi Ouest,TD23,Tchad,TD,2016-04-07,2017-06-15,
Bahr-Köh,TD1301,Bahr-Koh,BAHR-KOH,,,Moyen-Chari,TD13,Tchad,TD,2016-04-07,2017-06-15,
Tandjile Ouest,TD1602,Tandjile Ouest,TANDJILE OUEST,,,Tandjilé,TD16,Tchad,TD,2016-04-07,2017-06-15,
Tandjilé Centre,TD1603,Tandjile Centre,TANDJILE CENTRE,,,Tandjilé,TD16,Tchad,TD,2016-04-07,2017-06-15,
Borkou Yala,TD0202,Borkou Yala,BORKOU YALA,,,Borkou,TD02,Tchad,TD,2016-04-07,2017-06-15,
Barh-El-Gazel Nord,TD1902,Barh-El-Gazel Nord,BARH-EL-GAZEL NORD,,,Barh-El-Gazel,TD19,Tchad,TD,2016-04-07,2017-06-15,
Mégri,TD1704,Megri,MEGRI,,,Wadi Fira,TD17,Tchad,TD,2016-04-07,2017-06-15,
Mayo-Dallah,TD1201,Mayo-Dallah,MAYO-DALLAH,,,Mayo-Kebbi Ouest,TD12,Tchad,TD,2016-04-07,2017-06-15,
Fouli,TD0704,Fouli,FOULI,,,Lac,TD07,Tchad,TD,2016-04-07,2017-06-15,
Kaya,TD0703,Kaya,KAYA,,,Lac,TD07,Tchad,TD,2016-04-07,2017-06-15,